0,1,2,3,4,5,6,7,8,9,10,11,12,13,14,15,16,17,18,19,20,21,22,23,24,25,26,27,28,29,30,31,32,33,34,35,36,37,38,39,40,41,42,43,44,45,46,47,48,49,50,51,52,53,54,55,56,57,58,59,60,61,62,63,64,65,66,67,68,69,70,71,72,73,74,75,76,77,78,79,80,81,82,83,84,85,86,87,88,89,90,91,92,93,94,95,96,97,98,99,100,101,102,103,104,105,106,107,108,109,110,111,112
1,-0.0935,-0.20925,-0.2525,-0.1125,0.111875,0.129875,0.139375,-0.10525,-0.252125,-0.2005,-0.053625,0.196125,0.02475,-0.063,-0.068625,-0.0605,0.04225,0.055125,0.059,-0.11375,-0.203125,0.042,0.162,0.268,0.122,-0.1325,-0.162875,-0.279625,0.11875,0.288625,0.2505,0.080125,-0.225125,-0.073375,-0.004625,0.088125,0.130375,0.011875,-0.032625,-0.114375,0.075875,0.161125,-0.0205,-0.138875,-0.224875,-0.1085,0.086375,0.08075,0.173625,-0.10075,-0.26675,-0.253625,-0.090875,0.14975,0.064875,-0.004,-0.005625,-0.01225,-0.012125,-0.00075,0.000625,0.004875,0.003875,0.007,0.0145,-0.004,-0.0045,-0.0075,-0.0035,0.0045,0.007375,0.003,0.004125,0.001375,-0.003875,-0.00825,0.00775,-0.006375,-0.02425,0.020875,0.006875,0.00075,0.004375,-0.336625,-0.009125,-0.00575,-0.00075,-0.0005,0.001625,0.006125,0.00275,0.000125,-0.005375,-0.005875,-0.0065,0.00025,-0.00125,0.0025,0.005625,-0.00025,0.00175,-0.001375,0.0075,-0.01,-0.00325,0.002875,0.00325,0.018125,0.012625,0.00125,0.004125,-0.0015
2,-0.111125,-0.2245,-0.27725,-0.12625,0.11475,0.151375,0.166875,-0.11475,-0.2905,-0.240625,-0.068,0.224125,0.036375,-0.052875,-0.0855,-0.09075,0.02475,0.052625,0.081375,-0.120125,-0.220625,0.037875,0.158375,0.291625,0.135875,-0.134625,-0.186875,-0.333125,0.129125,0.328125,0.293125,0.0975,-0.25625,-0.095375,-0.02475,0.1055,0.168125,0.0345,-0.02825,-0.14425,0.074875,0.172125,-0.014875,-0.140375,-0.239375,-0.11975,0.08275,0.09225,0.203625,-0.111375,-0.300875,-0.29275,-0.107875,0.16625,0.083125,0.01225,-0.01025,-0.016875,-0.013375,-0.0035,-0.000625,0.0115,0.007875,0.00375,0.018,-0.007375,-0.00875,-0.011,-0.004625,0.000125,0.009625,0.005625,0.006375,0.003,-0.0015,-0.014375,0.00575,-0.010625,-0.0365,0.02475,0.0115,0.0035,0.003875,-0.40425,-0.01,-0.0105,-0.001875,0.002,0.00525,0.012875,0.005375,0.002,-0.007125,-0.0075,-0.011375,0.001375,-0.003,0.004125,0.010875,0.00525,0.00225,-0.003875,-0.0045,-0.0095,-0.001625,0.003375,0.003625,0.02425,0.01475,0.00425,0.0015,-0.003875
3,-0.125875,-0.262875,-0.2115,-0.099125,0.007625,0.145875,0.21175,-0.08525,-0.274,-0.289625,-0.108375,0.199125,0.113875,0.10275,-0.121,-0.226625,-0.139625,-0.01825,0.175875,-0.03125,-0.129,-0.03475,0.0325,0.157125,0.098,-0.01225,-0.1615,-0.363375,0.086125,0.280625,0.309625,0.127,-0.208375,-0.159125,-0.146125,0.12875,0.280625,0.179625,0.04025,-0.221,-0.01225,0.077125,0.051375,0.022,-0.104125,-0.076625,-0.039375,0.07275,0.207125,-0.06325,-0.23425,-0.295125,-0.133375,0.121875,0.138625,0.12975,0.00025,-0.008625,-0.01025,0,0.00125,0.00725,0.0035,-0.0015,0.01525,-0.004375,-0.0025,-0.004875,-0.00475,-0.000125,0.007625,0.00075,-0.003,0.001375,-0.0015,-0.005625,0.004125,-0.0035,-0.003375,0.012875,0.005375,0.00325,0.003875,-0.439625,-0.005125,-0.004375,0.00125,0.002625,0.004875,0.00325,-0.001125,-0.003875,-0.010375,-0.003125,-0.001375,0.004375,0.002375,0.002875,0.001125,0.0025,-0.00125,-0.004625,0.006,0.002625,-0.0005,0.003125,0.00125,0.019875,0.005125,0.000875,0.00475,0.001
4,-0.113375,-0.245625,-0.2045,-0.0845,-0.005875,0.128,0.19375,-0.069625,-0.239625,-0.26125,-0.101375,0.1735,0.107875,0.111,-0.1105,-0.216625,-0.1425,-0.02475,0.16875,-0.0175,-0.10475,-0.039375,0.00675,0.12475,0.083125,0.004625,-0.14,-0.32525,0.072,0.244,0.277,0.116375,-0.180375,-0.147875,-0.14175,0.117125,0.260875,0.17775,0.04375,-0.2055,-0.0215,0.05775,0.054125,0.0385,-0.074375,-0.062875,-0.048625,0.0625,0.185375,-0.050125,-0.200375,-0.26425,-0.12175,0.10525,0.130625,0.129125,0.00125,-0.004625,-0.00625,0.005375,0.00425,0.009375,0.0035,-0.001875,0.00925,-0.008375,-0.004875,-0.005375,0.00375,0.004875,0.013125,0.001875,-0.005625,-0.004875,0.0005,-0.008125,0.003625,0.0015,-0.0075,0.014,0.007,0.001,-0.004375,-0.39975,-0.008625,-0.003875,0.00525,0.008,0.0065,0.005875,-0.002625,-0.008875,-0.0145,-0.0055,-0.001,0.00475,0.008875,0.00375,0.001,-0.001875,-0.007125,-0.0085,-0.0035,-0.0065,0.003125,0.008,0.00575,0.01375,0.00275,0.0025,-0.00325,-0.000125
5,0.073375,0.121625,0.06875,-0.003,-0.07675,-0.084875,-0.103875,0.068375,0.1805,0.160625,0.050125,-0.126625,-0.025625,0.02275,0.06275,0.07925,0.009875,-0.021875,-0.057875,0.07525,0.142,-0.01325,-0.079875,-0.172,-0.0845,0.07875,0.13275,0.247125,-0.080125,-0.21425,-0.203875,-0.073375,0.174,0.091625,0.056125,-0.077125,-0.141875,-0.06025,0.000875,0.125625,-0.01675,-0.078875,-0.007125,0.050625,0.1215,0.0665,-0.016125,-0.046625,-0.1205,0.058375,0.1775,0.186125,0.07125,-0.088125,-0.050125,-0.01675,0.004,0.00775,0.002375,-0.0015,-0.00075,-0.003375,-0.003875,-0.004,-0.011375,0.004625,0.004125,0.005,0.0035,0.001375,-0.00925,-0.00275,-0.0025,0.000125,0.0055,0.007125,-0.004375,0.005125,0.02725,-0.015875,-0.0065,-0.00175,-0.001,0.299875,0.007,0.00525,0.0005,-0.001125,-0.002625,-0.005375,-0.000875,0.000625,0.005,0.005125,0.0045,-0.001375,0.000375,-0.001625,-0.005125,-0.005,-0.002625,0.00175,-0.0025,0.01175,0.00325,-0.003375,-0.00225,-0.01075,-0.007625,0,-0.0005,0.0015
6,0.054625,0.181125,0.197625,0.07825,-0.09275,-0.070875,-0.095,-0.004,0.06975,0.133875,0.07125,-0.02875,-0.08875,-0.153,0.0705,0.19075,0.1865,0.06725,-0.12725,-0.050625,-0.01475,0.074125,0.10975,0.05625,-0.00375,-0.086375,0.054,0.1845,0.00525,-0.065875,-0.1345,-0.07675,0.05075,0.1335,0.179125,-0.07,-0.210125,-0.20775,-0.0795,0.169,0.10425,0.07725,-0.08175,-0.15975,-0.10225,-0.016,0.144625,0.0015,-0.058,-0.025,0.010375,0.096125,0.065,0.009875,-0.081,-0.13225,0.001,0.007125,0.00625,1.11E-16,0.000625,-0.002,-0.002625,-0.009375,-0.00875,0.00075,0.00325,0.003875,0.005625,0,-0.004,-0.002,-0.00025,-0.00525,-0.0035,0.003,0.003625,0.00325,-0.006875,-0.000125,-0.004625,-0.004625,-0.004,0.2235,0.00325,0.00475,0.002,-0.0005,-0.002625,-0.005625,0,0.000375,0.006625,0.00475,0.0045,-0.001625,-0.002125,-0.001,-0.001,-0.0035,0.0015,0.002,-0.0015,0.004875,0.000625,0.00325,-0.002125,-0.011875,-0.003625,-0.00075,-0.0015,-0.00025
7,-0.09125,-0.2285,-0.217875,-0.068875,0.141875,0.055125,0.00725,-0.073125,-0.17075,-0.21575,-0.092875,0.11825,0.114875,0.149,-0.10025,-0.21875,-0.1765,-0.048625,0.164125,0.02475,-0.042125,-0.059375,-0.051125,0.035625,0.046,0.0535,-0.095875,-0.25875,0.03325,0.163,0.2155,0.101125,-0.115875,-0.139625,-0.1585,0.097875,0.24225,0.19625,0.062125,-0.18825,-0.054375,0.0025,0.068875,0.096125,0.002875,-0.02875,-0.087375,0.03575,0.138875,-0.019375,-0.11975,-0.1965,-0.099875,0.06075,0.121375,0.145375,-0.002,-0.012625,-0.014375,-0.0075,-0.0025,0.009375,0.005625,0.009875,0.018875,0.0045,0.001,-0.004375,-0.010625,-0.004375,-0.000375,-0.00075,0.003,0.0115,0.008125,0.00075,-0.0015,-0.009875,-0.0065,0.000375,0.004375,0.007,0.012375,-0.30525,0.00275,-0.0045,-0.0065,-0.007875,-0.00225,0.00475,0.002,0.007,-0.001375,-0.002125,-0.005125,-0.003625,-0.0095,-0.00225,-0.0005,0.008125,0.007875,0.00675,0.007125,-0.00975,-0.00625,-0.007375,-0.0035,0.012,0.016375,0.005,0.013375,0.003125
8,-0.086375,-0.225625,-0.216875,-0.071625,0.136625,0.0635,0.02,-0.07475,-0.15625,-0.205125,-0.090375,0.105625,0.11125,0.1545,-0.09625,-0.21925,-0.183125,-0.053625,0.1635,0.0305,-0.0275,-0.063625,-0.067125,0.018875,0.03775,0.063625,-0.08775,-0.242125,0.025625,0.146125,0.20175,0.0975,-0.10275,-0.1375,-0.161625,0.09325,0.238875,0.199,0.065625,-0.183125,-0.06075,-0.009875,0.07175,0.109375,0.019125,-0.021125,-0.102375,0.031625,0.130875,-0.011,-0.10225,-0.18075,-0.095375,0.047875,0.118375,0.147875,-0.001875,-0.020125,-0.026125,-0.023875,-0.005125,0.018,0.014875,0.02525,0.029875,0.017625,0.013125,-0.00375,-0.02325,-0.019375,-0.02125,-0.007,0.010875,0.028125,0.015375,0.011125,-0.003,-0.021625,-0.015375,-0.010375,-0.000125,0.011625,0.031375,-0.269,0.01375,-0.003125,-0.017625,-0.02775,-0.007625,-0.001625,0.00575,0.02275,0.013,0.004375,-0.00525,-0.00725,-0.02925,-0.01075,-0.008125,0.00975,0.018625,0.023375,0.01275,-0.00375,-0.01075,-0.025875,-0.015625,0.00875,0.01675,0.008,0.034,0.01
9,-0.068875,-0.261875,-0.3055,-0.1305,0.142,0.1485,0.148625,-0.123125,-0.287375,-0.220375,-0.102875,0.02475,0.15175,0.2765,-0.105625,-0.2935,-0.308625,-0.119875,0.205125,0.12275,0.08875,-0.1265,-0.202875,-0.1515,-0.0225,0.184125,-0.0285,-0.1955,-0.035,0.031875,0.144625,0.0975,-0.011125,-0.168625,-0.25325,0.085625,0.283625,0.30425,0.124375,-0.21225,-0.152625,-0.129375,0.12525,0.265625,0.1865,0.04175,-0.214875,-0.00775,0.075,0.051,0.025375,-0.105,-0.085375,-0.028,0.1325,0.22625,0.011,0.002,-0.011375,-0.011,-0.007125,-0.00675,0.00125,0.005125,0.02575,0.00775,0.008875,0.002625,0.0005,-0.004125,-0.00075,-0.007,-0.0075,0.004375,0.007,0.011125,-0.003,0.002125,0.0255,-0.01625,-0.0045,0.00275,0.00625,-0.229625,0.005625,0.00375,-5.55E-17,-0.004125,-0.00275,-0.008125,-0.00475,-0.001375,-0.004375,0.0035,0.00875,0.003625,-0.001625,-0.005375,-0.012,-0.009125,-0.002,0.00475,0.004125,0.006625,0.001625,-0.003875,-0.0055,-0.0035,-0.0015,-0.001,0.013375,0.007875
10,-0.048625,-0.201625,-0.240125,-0.10675,0.10625,0.1245,0.130875,-0.1,-0.240625,-0.19225,-0.0795,0.00575,0.121125,0.225,-0.078625,-0.232375,-0.2505,-0.100625,0.158,0.105625,0.083875,-0.104625,-0.1695,-0.140625,-0.026625,0.15725,-0.01225,-0.13675,-0.038125,0.0065,0.0995,0.071375,0.00725,-0.130375,-0.20275,0.0635,0.218375,0.243,0.103625,-0.16275,-0.127875,-0.115,0.102875,0.224875,0.164,0.040875,-0.1775,-0.014375,0.047,0.04825,0.03925,-0.064375,-0.059875,-0.033625,0.102875,0.182125,0.002,-0.00825,-0.00925,-0.004875,-0.002875,-0.00125,0.002125,0.00225,0.017875,0.001,0.002375,-0.00225,-0.004375,-0.0035,-0.00175,-0.001,-0.001875,0.0055,0.006,0.002375,-0.0065,-0.002125,0.02475,-0.010875,0.00225,0.006625,0.005875,-0.163875,0.003625,-0.00225,-0.00275,-0.002625,0.000375,0.000625,0.000875,0.002,-0.00575,-0.00075,0.000625,0.00175,-0.000375,-0.0015,-0.00325,0.00325,-0.000375,0.002,-0.01025,-0.00575,-0.002,-0.005625,-0.002,0.001,0.003875,-0.000125,0.006125,0.002875
11,0.066875,0.19,0.193625,0.071375,-0.104875,-0.05725,-0.0295,0.071,0.134625,0.0715,0.001625,-0.09975,-0.08825,-0.138375,0.082,0.1935,0.173875,0.058,-0.129375,-0.0325,0.015,0.064625,0.077,0.014375,-0.021625,-0.06425,0.07575,0.22,-0.011,-0.1065,-0.166375,-0.085,0.082625,0.138125,0.173875,-0.080625,-0.22225,-0.199625,-0.071375,0.1785,0.087375,0.050375,-0.074625,-0.13525,-0.06225,0.000625,0.128125,-0.01175,-0.079875,-0.005375,0.0505,0.1285,0.07675,-0.017875,-0.088,-0.1275,-0.003,0.004625,0.009125,0.001875,0.00275,0.00325,-0.00075,0.004625,-0.009625,-0.00225,-0.0025,0.0015,0.00325,-0.0005,-0.00275,0.001125,0.003,-0.001625,0.002375,-0.00025,0.000125,0.0005,-0.011875,0.0015,-0.002375,-0.00275,-0.001875,0.265,-0.002375,0.001375,-0.00025,-0.001875,-0.00125,-0.002125,0.000625,0.002375,0.00625,0.0015,-0.000875,-0.003,-0.001125,-0.00025,0.0035,0.000625,-0.0005,0.001125,0.00075,0.00525,0.0015,-0.00125,0.00025,-0.003125,0.0015,0.0055,-0.003375,-0.002
12,-0.028125,0.019875,0.08225,0.059625,0.01825,-0.07875,-0.127375,0.0525,0.171125,0.187375,0.07225,-0.11125,-0.06475,-0.10725,-0.002625,0.065125,0.125375,0.069,-0.02375,-0.0835,-0.11775,0.06525,0.15675,0.187625,0.069625,-0.11675,-0.052875,-0.039625,0.07425,0.1305,0.068125,0.003,-0.091875,0.0485,0.118125,0.01075,-0.05,-0.119625,-0.068,0.04325,0.120125,0.157,-0.06225,-0.187,-0.201375,-0.07775,0.149875,0.062625,0.087375,-0.07875,-0.165875,-0.107375,-0.023,0.10875,0.008,-0.062,-0.004,-0.002125,0.003125,0.006625,0.000875,0.00275,-0.001125,-0.002,-0.015625,-0.003875,-0.00225,0.00225,0.006875,0.006625,0.002625,0.002875,0.000625,-0.005625,-0.005125,-0.0075,0.005375,0.000875,-0.014375,0.01725,0.003,-0.003375,-0.006375,-0.053125,-0.01075,-0.002125,0.00375,0.00575,0.003375,0.004875,0.002,-0.003625,-0.003,-0.003875,-0.003125,0.000625,0.0015,0.004,0.00625,-0.0025,-0.004125,-0.004875,-0.00725,-0.003875,-0.000375,0.0095,0.00575,0.008375,0.0035,0.003875,-0.005375,-0.004
13,-0.01825,-0.1525,-0.211375,-0.107,0.06875,0.139,0.1715,-0.094125,-0.26275,-0.2405,-0.07775,0.197125,0.061875,0.007125,-0.092375,-0.19575,-0.242875,-0.107125,0.129125,0.127625,0.13225,-0.10825,-0.20725,-0.204125,-0.059625,0.1795,0.031125,-0.054125,-0.06675,-0.07475,0.02225,0.0455,0.06625,-0.105,-0.192375,0.034,0.168875,0.225625,0.1055,-0.123,-0.14425,-0.15775,0.101875,0.246875,0.221125,0.07,-0.1975,-0.038875,-0.010375,0.07425,0.1165,0.01425,-0.0315,-0.079,0.07225,0.1665,0.008375,-0.001625,-0.012875,-0.01075,-0.0045,-0.0015,0.003375,0.00775,0.024,0.005125,0.005,-0.00625,-0.010875,-0.006625,-0.006375,-0.006625,-0.004,0.007,0.009375,0.012125,-0.00575,0.000875,0.025875,-0.0195,-0.00475,0.003,0.0085,-0.059625,0.006,0.003,-0.00325,-0.007875,-0.00375,-0.0075,-0.003375,0.002625,0,0.00575,0.0055,0.000125,-0.0055,-0.005625,-0.010875,-0.004625,0.0015,0.007125,0.006875,0.002875,-0.000125,-0.010375,-0.00425,-0.01225,0.00125,-0.001875,0.010125,0.0065
14,-0.011375,-0.1575,-0.237125,-0.123625,0.0675,0.16375,0.209875,-0.110375,-0.31225,-0.294,-0.098,0.232875,0.083375,0.028625,-0.116,-0.2165,-0.280125,-0.128625,0.1385,0.154125,0.16875,-0.12725,-0.2525,-0.259125,-0.0785,0.215125,0.049875,-0.037125,-0.0875,-0.112625,0.002125,0.044625,0.095375,-0.113875,-0.220875,0.031,0.18075,0.257125,0.1235,-0.13,-0.173625,-0.196375,0.1185,0.296375,0.27325,0.090875,-0.23425,-0.051125,-0.02775,0.096125,0.159125,0.042,-0.028875,-0.101,0.07525,0.188375,0.002,-0.010375,-0.011875,-0.007625,-0.003375,0.0005,0.004625,0.01,0.02425,0.000875,0.00075,-0.007625,-0.009375,-0.00525,-0.0005,-0.001625,0.00025,0.01025,0.0045,0.007875,-0.011375,-0.00425,0.02675,-0.02,0,0.007875,0.011375,-0.0385,0.003875,-0.001375,-0.006875,-0.00775,-0.003375,0.0015,-0.00075,0.006,0.000125,0.00075,0.0015,-2.78E-17,-0.004625,-0.004375,-0.004125,0.00475,0.005,0.00575,0.005625,-0.0045,-0.005375,-0.011125,-0.005875,-0.005125,0.004375,0.00225,0.0115,0.00475
15,0.06325,0.013625,-0.08575,-0.0815,-0.044375,0.1325,0.223625,-0.0675,-0.254,-0.3,-0.123125,0.177625,0.143125,0.170125,-0.134375,-0.279,-0.2095,-0.101,0.0165,0.148125,0.2165,-0.092375,-0.24025,-0.316625,-0.124125,0.191625,0.129625,0.161375,-0.126125,-0.256,-0.17025,-0.031375,0.197,-0.0185,-0.120375,-0.044375,0.004875,0.131125,0.08825,0.001375,-0.1545,-0.225625,0.0775,0.2605,0.303875,0.126375,-0.19475,-0.09,-0.151125,0.122875,0.277875,0.209125,0.053,-0.166625,-0.01825,0.08675,0.003625,0.004375,0.000125,-0.001875,-0.00075,-0.007,-0.000625,0.0015,0.01725,0.004125,0.009125,-0.0015,0.00025,-0.004125,-0.00475,-0.00725,-0.005125,0.001625,0.0015,0.0075,-0.010625,0.0025,0.03425,-0.022625,-0.003375,0.00225,0.001375,0.19475,0.0035,0.002,-0.00225,2.22E-16,-0.004125,-0.002875,-0.00325,0.001125,0.001,0.002875,0.00375,0.003125,0.002375,-0.00325,-0.004625,0,-0.003,0.00125,0.007875,-0.00175,-0.0005,-0.0055,-0.001,-0.006625,-0.00975,0.005625,-0.000375,0.0015
16,0.057625,0.029875,-0.05075,-0.059375,-0.04725,0.100125,0.177,-0.044625,-0.193125,-0.236,-0.09975,0.13425,0.116625,0.14925,-0.11,-0.231,-0.180875,-0.07725,0.000875,0.11575,0.176875,-0.068375,-0.18625,-0.25575,-0.102625,0.148125,0.109625,0.148375,-0.101,-0.21725,-0.153375,-0.032625,0.16525,-0.00425,-0.086,-0.04375,-0.013,0.088,0.065875,0.015375,-0.118875,-0.18175,0.056125,0.198,0.24425,0.102875,-0.147,-0.0755,-0.134375,0.098875,0.23125,0.18275,0.051125,-0.139125,-0.026875,0.056125,0.0025,-0.003625,-0.007375,-0.008,-0.001875,0,0.00425,0.011,0.01825,0.003625,0.002,-0.00625,-0.013625,-0.005125,0.005375,-0.0005,0.001125,0.008375,0.009,0.009,-0.009375,-0.004125,0.024875,-0.02375,-0.004375,0.004125,0.0085,0.1865,0.00525,0.002125,-0.006375,-0.010125,-0.005375,-0.004875,-0.000625,0.008,0.009125,0.003125,0.00275,-0.000625,-0.00625,-0.004875,-0.006125,-0.0045,0.002125,0.008375,0.007,-0.001125,-0.004,-0.012,-0.0075,-0.0195,0.001125,-0.00775,0.008375,0.003875
17,-0.010375,0.064125,0.120125,0.073125,-0.008875,-0.08875,-0.129625,0.062,0.19375,0.19425,0.069375,-0.130875,-0.0535,-0.029125,0.079625,0.134,0.067,-0.00125,-0.095125,-0.08825,-0.10975,0.076625,0.1615,0.18075,0.06,-0.125375,-0.035,0.01,0.06525,0.09875,0.026625,-0.017625,-0.070375,0.074625,0.14775,-0.008375,-0.096875,-0.156375,-0.079875,0.079125,0.129875,0.156875,-0.075125,-0.199625,-0.202625,-0.07225,0.172625,0.052625,0.060375,-0.07475,-0.142125,-0.07225,-0.000125,0.096625,-0.016125,-0.091,-0.003875,0.001375,0.0075,0.0035,0.0025,0.004375,0.000875,-0.001625,-0.01525,-0.003,-0.00575,0.002375,0.01075,0.0075,0.003375,0.004125,-0.000375,-0.0065,-0.004625,-0.00475,0.00575,-0.001125,-0.023375,0.013125,0.0015,-0.002875,-0.002125,0.013125,-0.003125,-0.00175,0.001,0.001375,0.00175,0.004,0.002875,-0.00025,0.002125,-0.001125,-0.004875,-0.00125,-0.00275,0.002375,0.004125,0.0045,0.002625,-0.00175,-0.011375,-0.000125,0.000125,0.001625,0.003375,0.0015,0.006,0.001,-0.003625,-0.003625
18,-0.09175,-0.168,-0.12,-0.016375,0.131625,0.004,-0.063,-0.026,0.014875,0.087125,0.05725,0.011125,-0.079,-0.157125,0.052875,0.168,0.183375,0.0735,-0.103625,-0.06925,-0.079625,-0.007375,0.049125,0.13925,0.076,-0.017,-0.09475,-0.20825,0.069625,0.197625,0.197625,0.0745,-0.13575,-0.0635,-0.037625,0.077,0.151125,0.06275,-0.001125,-0.100625,0.04975,0.113875,0.007125,-0.057875,-0.136625,-0.0765,0.03925,0.075625,0.177,-0.068375,-0.206625,-0.224125,-0.092,0.11375,0.10875,0.08275,-0.003125,-0.010375,-0.00225,0.00025,-0.00375,0.007875,0.000625,0.001375,-0.00225,-0.0045,-0.00775,-0.002875,-0.00775,-0.006125,0.005375,0.004375,0.005125,-0.002625,-0.0025,-0.011125,-0.001125,-0.005,-0.012625,0.011625,0.00625,0.00575,0.003875,-0.2555,-0.00625,-0.00575,-0.00025,0.0005,0.0045,0.00625,0.001375,0,-0.00375,-0.004375,-0.006125,0.00225,-0.000875,0.00225,0.00575,0.00825,0.003625,-0.001875,-0.003125,-0.0055,0,0.00075,-0.001125,0.00925,0.008,0.007625,0.002375,0.001625
19,0.043,0.044,0.007875,-0.013875,-0.039625,0.030125,0.06875,-0.0085,-0.06925,-0.101625,-0.042,0.04125,0.05625,0.083,-0.042375,-0.121875,-0.108625,-0.02975,0.077,0.02475,-0.00725,-0.04075,-0.06825,-0.1085,-0.048875,0.046125,0.0565,0.095875,-0.04425,-0.126625,-0.105625,-0.0275,0.081875,0.0195,-0.0065,-0.03575,-0.044375,0.0085,0.018125,0.032,-0.041125,-0.07175,0.016,0.0685,0.101625,0.0465,-0.046125,-0.03575,-0.073,0.046,0.11275,0.107625,0.03725,-0.056625,-0.0265,0.002,0.00075,0.01075,0.016125,0.015625,0.006,-0.010875,-0.008875,-0.02175,-0.008,0.0045,0.014125,0.00975,0.022375,0.016,-0.007625,-0.01475,-0.01925,-0.0115,-0.001,0.0185,0.01325,0.019125,0.021875,0.00175,0.004,-0.00475,-0.020125,0.10225,-0.00875,0.00025,0.012625,0.01675,0.004875,0.004,-0.0055,-0.018375,-0.012875,-0.00575,0.00325,0.0055,0.02125,0.007375,0.005,-0.0035,-0.014875,-0.017625,-0.011875,0.001375,0.00625,0.018,0.012375,-0.00375,-0.007,-0.003625,-0.02075,-0.00825
20,0.092125,0.12575,0.042375,-0.02425,-0.105875,0.0635,0.15525,-0.012125,-0.127875,-0.2015,-0.098125,0.078375,0.13025,0.2045,-0.103125,-0.254,-0.236375,-0.080625,0.183,0.067375,0.013625,-0.0895,-0.146625,-0.2485,-0.112625,0.10825,0.13775,0.2375,-0.107875,-0.2655,-0.227875,-0.072375,0.197375,0.050875,-0.01675,-0.0795,-0.11375,0.001,0.03525,0.089125,-0.091625,-0.170625,0.024875,0.146625,0.223,0.10725,-0.10075,-0.086625,-0.184875,0.09875,0.263875,0.248125,0.09025,-0.154875,-0.078875,-0.013,-0.003375,0.00925,0.01125,0.01025,0.00425,-0.001875,-0.003625,-0.014875,0.00075,0.00125,0.00725,0.005125,0.01425,0.0035,0.004625,-0.008625,-0.0155,-0.00975,0.00025,0.009875,0.005125,0.013,0.02775,-0.010625,0.00275,0.00025,-0.008,0.28025,-0.005875,-0.000625,0.002125,0.00775,0.00375,0.004375,-0.001,-0.003875,0.00025,-0.0045,-0.000625,0,0.01075,0.00325,0.0035,-0.000125,-0.008,-0.00825,-0.003,-0.005375,-0.0005,0.001375,0.00675,-0.008125,-0.005375,-0.01225,-0.013875,-0.005
21,0.14125,0.284875,0.220375,0.044625,-0.201625,-0.01525,0.084,0.05875,0.018375,-0.101125,-0.079125,-0.041,0.131375,0.275,-0.07275,-0.253,-0.3,-0.12775,0.170875,0.148375,0.14275,-0.13075,-0.24375,-0.224,-0.112125,0.01425,0.163,0.364,-0.10025,-0.310875,-0.33075,-0.132375,0.218875,0.14,0.112375,-0.134875,-0.27825,-0.160875,-0.02725,0.208625,-0.0255,-0.127,-0.040125,0.01925,0.152875,0.098625,-0.002375,-0.098125,-0.253875,0.08375,0.286125,0.33975,0.147875,-0.16275,-0.168,-0.14525,0.0035,0.015625,0.011,0.001375,0.002125,-0.010125,-0.0035,-0.003,-0.0005,0.004625,0.007375,0.00375,0.000625,-0.002625,-0.001125,-0.006,-0.009875,-0.000125,0.003875,0.01175,-0.004375,0.007125,0.02925,-0.017375,-0.00825,-0.003,-0.00575,0.437625,0.005125,0.007125,0.001375,-0.000375,-0.003625,-0.01,-0.00275,0.000875,0.008625,0.006875,0.006125,-0.001,0.0015,-0.002625,-0.004625,-0.009875,-0.006625,0.003375,0.002125,0.01,0.004375,-0.00125,-0.001875,-0.0165,-0.008,-0.0105,-0.005875,-0.0005
22,0.114,0.23575,0.186375,0.043125,-0.16525,-0.020375,0.055625,0.0505,0.03225,-0.064375,-0.057125,-0.046625,0.1005,0.21725,-0.0535,-0.193625,-0.236875,-0.10425,0.127875,0.121125,0.125125,-0.1045,-0.198,-0.19475,-0.08475,-0.00125,0.1265,0.290125,-0.076375,-0.240875,-0.2635,-0.10775,0.16825,0.1185,0.10075,-0.108625,-0.23075,-0.143625,-0.0285,0.173625,-0.011,-0.090375,-0.038375,0.0005,0.106,0.073125,0.012875,-0.076,-0.202875,0.0615,0.21875,0.26875,0.1195,-0.12475,-0.1375,-0.1275,-0.00275,0.006625,0.011375,0.004375,0.0035,-0.006125,-0.0005,-0.0055,-0.003875,-0.00075,0.00075,0.00225,0.0005,0.002125,0.006875,-0.001875,-0.009875,-0.004875,0.001375,0.0035,-0.00475,0.007875,0.0315,-0.013,-0.001,-0.002625,-0.003,0.35025,0.005875,0.002,-0.00175,-0.001875,-0.001625,-0.00175,0.001125,0.002875,0.006625,0.001,0.000375,-0.00425,0.000625,-0.00075,0.00075,-0.00125,-0.002125,0.000625,-0.0035,-0.0015,-0.002125,-0.001125,-0.0005,-0.019875,-0.0055,-0.008,-0.006375,-0.00225
23,-0.08025,-0.13325,-0.078125,0.002125,0.110625,-0.01775,-0.08475,-0.007375,0.0565,0.1215,0.065875,-0.01775,-0.0805,-0.14675,0.067125,0.179,0.179375,0.0665,-0.11775,-0.05225,-0.022,0.0715,0.11,0.061375,0.001625,-0.087,-0.092,-0.177625,0.076125,0.19725,0.181375,0.06125,-0.133625,-0.039625,0.003125,0.067125,0.107375,0.022375,-0.01675,-0.073375,0.06925,0.1335,-0.007625,-0.087125,-0.16225,-0.0805,0.075875,0.07575,0.165375,-0.072625,-0.2095,-0.212375,-0.080875,0.13275,0.091375,0.05225,0.001,-0.003375,0.001625,0.002,-0.001375,0.00375,-0.00075,0.000625,-0.0055,-0.0015,0.000125,0.00225,-0.00225,0,-0.003375,0.00025,0.003,-0.00125,0.001125,-0.000375,0.002375,-0.0005,-0.013625,0.003625,-0.00325,-0.002375,-0.003625,-0.217625,-0.00675,-0.001125,0.004375,0.003125,0.00375,0.001125,-0.0005,-0.006,-0.007125,-0.002125,0.000375,0.001375,0.003125,0.001625,0.00125,-0.00475,-0.0015,-0.00425,0.007125,0.001,0.003625,0.007625,0.001875,0.018375,0.0005,0.000625,0.0005,-0.000375
24,-0.075875,-0.218875,-0.222625,-0.08275,0.145875,0.10575,0.0805,-0.081625,-0.163625,-0.1,-0.012375,0.1495,0,-0.086625,-0.02425,0.025125,0.098375,0.063375,0.0095,-0.08475,-0.132375,0.057875,0.152875,0.20925,0.08375,-0.11375,-0.07775,-0.153625,0.00225,0.082625,0.1445,0.07875,-0.037375,-0.096,-0.131125,0.073375,0.202625,0.182125,0.064,-0.134375,-0.045,-0.008625,0.068875,0.117125,0.03975,-0.00925,-0.082375,0.036375,0.128625,0.000375,-0.074,-0.15575,-0.084625,0.0465,0.1355,0.178625,-0.000375,-0.011875,-0.01225,-0.005875,-0.00325,0.003,0.003125,0.001,0.01225,-0.0025,-0.003,-0.007375,-0.00725,-0.003625,0.001375,0.002625,0.00725,0.005125,-0.000875,-0.006625,0.00275,-0.01075,-0.027125,0.013875,0.006,0.00325,0.007625,-0.1815,-0.00075,-0.0045,-0.00425,-0.005,0.0005,0.003875,0.001,0.003875,-0.001875,-5.55E-17,-0.002125,-0.000125,-0.00475,-0.001125,-0.000625,0.004375,0.00125,0.0025,0.00025,-0.006125,-0.001625,-0.004875,-0.003,0.017375,0.004875,-0.00175,0.0095,0.003125
25,0.1215,0.2885,0.257875,0.076,-0.1935,-0.0645,0.00075,0.082125,0.113875,0.0085,-0.0345,-0.11325,0.079625,0.21275,-0.025125,-0.155125,-0.230375,-0.11175,0.09575,0.145125,0.1835,-0.1095,-0.233875,-0.2635,-0.09,0.198625,0.07425,0.026125,-0.095625,-0.223125,-0.275875,-0.122,0.147625,0.1475,0.155125,-0.121875,-0.282625,-0.212375,-0.060625,0.209625,0.029125,-0.050875,-0.070375,-0.073125,0.042375,0.054125,0.06525,-0.0675,-0.207375,0.040875,0.189625,0.2715,0.132375,-0.108375,-0.167375,-0.186,0.001125,0.013625,0.01375,0.003375,0.00125,-0.008375,-0.003875,-0.00525,-0.007875,0.0025,0.0055,0.006875,0.00475,-0.004375,0.00075,-0.004625,-0.010125,-0.004,0.0035,0.0085,-0.00775,0.01025,0.0365,-0.019875,-0.006625,0.001125,-0.00475,0.025125,0.00375,0.005875,0.002375,0.001,-0.00275,-0.007125,-0.00225,-0.001,0.00725,0.005375,0.00425,0.00075,0.003125,-0.000375,-0.0015,0.0005,-0.000375,0.000625,-0.008875,0.006125,0.001125,0.003875,0,-0.01725,-0.010125,-0.005625,-0.00825,-0.000875
26,0.1395,0.334625,0.312125,0.096625,-0.224125,-0.091875,-0.0155,0.1035,0.1535,0.03425,-0.031,-0.142375,0.08275,0.2395,-0.017625,-0.16,-0.2515,-0.127125,0.092625,0.169125,0.209625,-0.123375,-0.27075,-0.31425,-0.11,0.226125,0.097125,0.065875,-0.11575,-0.23975,-0.307875,-0.14125,0.159875,0.177625,0.198125,-0.138375,-0.336625,-0.257125,-0.07575,0.2465,0.044625,-0.04,-0.087,-0.106375,0.032875,0.055125,0.09125,-0.07425,-0.232,0.0385,0.20325,0.310125,0.151625,-0.109875,-0.194,-0.222875,0.005375,0.018125,0.015,0.00425,0.00425,-0.013875,-0.005125,-0.009625,-0.009,0.005875,0.009625,0.007,0.011,0.009875,-0.005,-0.007625,-0.012375,-0.004125,0.005125,0.016625,-0.005,0.011625,0.043125,-0.027125,-0.0095,-0.00075,-0.004875,0.08425,0.009375,0.01025,0.006375,0.006,-0.003875,-0.01175,-0.00475,-0.005125,0.0085,0.008375,0.0095,-0.0005,0.005,-0.001375,-0.005625,-0.01325,-0.006625,-0.00025,-0.000625,0.01175,0.004875,0.005875,0.002375,-0.021375,-0.01375,-0.00425,-0.010875,-0.002
27,0.086375,0.277625,0.29825,0.1185,-0.169875,-0.141375,-0.123875,0.1135,0.24875,0.1715,0.0335,-0.21025,-0.004375,0.108375,0.048625,0.00175,-0.1065,-0.0805,-0.027125,0.12725,0.20925,-0.069375,-0.205,-0.299375,-0.12575,0.161375,0.141875,0.211375,-0.124625,-0.277,-0.21225,-0.101125,0.032,0.146,0.2095,-0.093,-0.276,-0.270875,-0.104,0.1955,0.102125,0.06575,-0.1075,-0.2005,-0.115,-0.01275,0.15625,-0.022,-0.126125,-0.02375,0.042875,0.16,0.101,-0.01925,-0.15725,-0.231625,0.0015,0.0115,0.015375,0.002625,0.0025,-0.005125,-0.00325,-0.002,-0.01575,0.002625,0.00175,0.0075,0.0085,0.000125,-0.000625,-0.001,-0.00625,-0.005375,-0.000375,0.005625,-0.00775,0.008875,0.03625,-0.020625,-0.005375,-0.00025,-0.007375,0.250875,0.00175,0.005,0.003,0.002375,-0.002,-0.007375,-6.94E-18,-0.002,0.004125,0.0055,0.004875,0.001,0.002375,-0.000625,-0.001875,-0.004875,-0.0025,-0.00025,-0.00375,0.008125,0.00125,0.005375,0.002,-0.012125,-0.00925,-0.002375,-0.007,-0.002125
28,0.077,0.260875,0.28875,0.116875,-0.15725,-0.146125,-0.131875,0.112,0.251875,0.1835,0.038875,-0.209125,-0.015,0.089625,0.055125,0.02175,-0.08425,-0.071,-0.04125,0.119625,0.2005,-0.06025,-0.18625,-0.286875,-0.12275,0.147,0.143625,0.223375,-0.119,-0.276125,-0.219625,-0.093375,0.01625,0.139,0.204625,-0.084,-0.2605,-0.262125,-0.103125,0.1825,0.106,0.077125,-0.105625,-0.20875,-0.126625,-0.019125,0.15875,-0.01425,-0.110625,-0.031,0.021375,0.13825,0.091875,-0.011125,-0.148375,-0.22475,-0.00175,0.012375,0.018,0.011,0.004125,-0.009125,-0.00575,-0.01225,-0.021875,-0.001,0.003625,0.01075,0.014125,0.007625,0.001375,-0.00325,-0.011875,-0.012625,-0.00225,0.009,-0.004125,0.016,0.041375,-0.02075,-0.008125,-0.00425,-0.01475,0.264125,0.001875,0.00925,0.009,0.008875,0.0035,-0.001625,-0.0015,-0.008,0.00075,0.000375,0.001625,0.001125,0.00875,0.00475,0.003375,-0.000625,-0.005875,-0.007,-0.0025,0.00375,0.00375,0.0115,0.00725,-0.00775,-0.00775,-0.002,-0.016625,-0.006625
29,-0.089625,-0.233375,-0.228125,-0.077625,0.16025,0.09175,0.054125,-0.076,-0.14075,-0.065625,0.003875,0.135,-0.02375,-0.1175,-0.00675,0.066,0.135125,0.076125,-0.020875,-0.095375,-0.133125,0.071625,0.166375,0.212375,0.079875,-0.130875,-0.065875,-0.057375,0.08075,0.152375,0.083875,0.005875,-0.1105,-0.10275,-0.126375,0.08475,0.217875,0.177875,0.05825,-0.146,-0.02975,0.01875,0.063125,0.092,0.005625,-0.02575,-0.062625,0.048125,0.15675,-0.01525,-0.1145,-0.189625,-0.098625,0.071125,0.14625,0.177375,0.002875,-0.007875,-0.00825,-0.0055,-0.0045,0.002,0.001875,0.002625,0.012,-0.00025,-0.000875,-0.00625,-0.007125,-0.0035,-0.00275,0.001,0.008,0.00675,0.001,-0.004125,0.004375,-0.01075,-0.034625,0.01225,0.00325,0.002375,0.009875,-0.062875,0.000625,-0.004,-0.005875,-0.00775,-0.001125,0.0015,-0.00025,0.000625,-0.005,-0.000625,0.00025,0.002125,-0.00175,-0.000875,-0.001875,0.002125,0.001125,0.0005,0.0065,0.003125,-0.001625,-0.002875,-0.00175,0.005375,0.002625,0.000875,0.00925,0.004
30,0.00375,-0.07775,-0.132875,-0.07625,0.045125,0.129,0.17025,-0.066875,-0.204,-0.206625,-0.0745,0.170875,0.09775,0.08925,-0.086125,-0.152125,-0.089125,-0.009375,0.137625,-0.003625,-0.07175,-0.019125,0.029625,0.111125,0.0665,0.0045,-0.084375,-0.19275,0.059,0.183625,0.195125,0.076125,-0.11825,-0.068375,-0.087125,-0.001625,0.061625,0.121875,0.066375,-0.024,-0.077125,-0.10175,0.062,0.165875,0.167875,0.060625,-0.1085,-0.025375,-0.01625,0.06175,0.113625,0.049125,-0.003875,-0.053,0.058625,0.1315,0.002125,-0.004,-0.008,-0.00075,-0.00125,-0.00075,0.0015,-0.0015,0.013875,0.00125,0.004,-0.001375,0.001625,0.000125,0.00125,-0.003,-0.000625,0.002625,0.000875,0.00225,0.003625,-0.003,-0.007875,0.00525,0.000125,0.002125,0.0055,-0.225375,0.000375,-0.000875,-0.00075,-0.00325,-0.001875,0.0005,0.000375,0.001125,-0.00175,-0.00075,0.000625,-0.002125,-0.000125,0.000125,-0.002625,0.000125,0.000125,0.001,-0.00075,-0.000875,-0.001375,-0.002125,-0.000125,-0.004,0.001,-0.00025,0.0025,0.001875
31,0.044125,0.2015,0.2545,0.115875,-0.1155,-0.155875,-0.172625,0.10575,0.26975,0.226125,0.066125,-0.219375,-0.055125,0.01675,0.08375,0.09625,-0.006375,-0.04025,-0.09625,0.08675,0.176125,-0.028375,-0.137625,-0.247125,-0.11675,0.098875,0.146875,0.26875,-0.11,-0.28325,-0.254125,-0.084625,0.208875,0.07,0.006625,-0.091625,-0.202625,-0.241125,-0.105,0.138375,0.121,0.11725,-0.1035,-0.231625,-0.181875,-0.049,0.175125,0.011625,-0.0495,-0.056,-0.05725,0.05325,0.059,0.034625,-0.117,-0.206,0.000125,0.0095,0.01175,0.0055,0.002625,-0.00225,-0.0045,-0.0085,-0.01875,0.002625,0.001875,0.00675,0.00275,0.00225,-0.002375,-0.00075,-0.0055,-0.00575,-0.001125,0.0055,-0.005375,0.01025,0.027875,-0.016375,-0.005,-0.00325,-0.010125,0.320375,0.00175,0.00625,0.00375,0.00475,-0.000125,-0.00625,-0.004,-0.005125,0.001125,0.000625,0.00275,-0.001125,0.003,0.00125,0.001,-0.00425,-0.00075,-0.00325,-0.004125,0.007,0.00475,0.007625,0.003125,-0.009,-0.006,-0.00425,-0.009,-0.003375
32,0.04325,0.2245,0.287,0.13675,-0.12625,-0.187,-0.212875,0.12675,0.32575,0.28225,0.08525,-0.262625,-0.079,-0.000375,0.103125,0.136,0.014375,-0.0405,-0.128625,0.092375,0.20125,-0.0245,-0.147375,-0.281875,-0.137125,0.102375,0.176125,0.330625,-0.127625,-0.33725,-0.31075,-0.106625,0.24575,0.091375,0.021625,-0.114875,-0.224,-0.275,-0.123625,0.14875,0.146,0.148375,-0.121625,-0.2795,-0.23025,-0.0665,0.208875,0.021375,-0.042875,-0.076,-0.0885,0.040375,0.0605,0.050875,-0.130625,-0.238875,0.00125,0.00875,0.014,0.003,0.001875,-0.005625,-0.0035,0.004,-0.020375,0.00225,0,0.00675,0.002625,0.0005,-0.002875,0.00075,-0.003125,-0.006375,-0.00025,0.004,-0.00775,0.008875,0.02925,-0.018125,-0.004625,-0.002875,-0.007875,0.393875,-0.000625,0.005,0.00225,0.0045,-0.001,-0.004625,-0.004,-0.003375,0.004,0.003125,0.003875,0.002,0.0015,0.0005,-0.000375,-0.008125,-0.00075,-0.001,0.00825,0.0085,0.003875,0.005875,0.000875,-0.0045,-0.004875,-0.004375,-0.00775,-0.002625
33,-0.0335,0.053625,0.144875,0.097375,-0.01325,-0.158375,-0.235,0.082,0.27675,0.301625,0.1155,-0.213,-0.14,-0.148625,0.12875,0.2505,0.16925,0.03075,-0.20525,-0.002,0.092875,0.04725,-0.002,-0.126,-0.087625,-0.02525,0.133125,0.326125,-0.07475,-0.258125,-0.2945,-0.124125,0.1765,0.139875,0.132875,-0.124875,-0.275625,-0.1835,-0.091875,0.014375,0.132125,0.188875,-0.082125,-0.24925,-0.272625,-0.1065,0.178,0.065,0.084875,-0.10675,-0.218875,-0.134625,-0.020125,0.121125,-0.03475,-0.14025,-0.000625,-0.000125,0.002625,0.00225,0.0005,0.00075,-0.001875,0.003875,-0.017625,-0.001125,-0.002625,0.0045,0.00275,0.00125,-0.00175,0.003875,0.002875,-0.00575,-0.002375,-0.000875,-0.00375,0.004,0.0075,-0.006,-0.001,-0.00475,-0.00675,0.38975,0.0005,0.002,0.000375,0.002375,-0.001,0.000875,0.00125,0.0005,0.007125,-0.000375,0,0.00025,0.0015,0.00325,0.00275,-0.0025,-0.000375,-0.0025,-0.003625,-0.000625,0.002875,0.006875,0.002375,0.005875,-0.002875,0.001125,-0.002875,-0.002125
34,-0.038125,0.02475,0.105125,0.078625,0.002625,-0.137625,-0.20625,0.066125,0.2315,0.260375,0.10275,-0.17925,-0.13075,-0.147375,0.113875,0.229,0.16425,0.035625,-0.1855,-0.013125,0.068375,0.04875,0.0165,-0.0895,-0.068625,-0.03825,0.109375,0.277625,-0.058,-0.2125,-0.252,-0.110375,0.142875,0.127,0.127125,-0.109125,-0.24675,-0.174625,-0.0755,-0.000875,0.11275,0.164,-0.068,-0.21475,-0.24075,-0.09625,0.147,0.06025,0.089625,-0.096125,-0.204,-0.139,-0.03025,0.1135,-0.019,-0.109125,-0.00275,-2.22E-16,0.00575,0.00325,0.000625,0.001875,-0.000625,0.001875,-0.01525,-0.001875,-0.003375,0.00275,0.00175,0.001375,-0.0005,0.00375,0.002625,-0.004625,-0.002375,-0.002625,-0.003,0.002875,0.00275,-0.00375,-0.0005,-0.003125,-0.005875,0.3275,-0.002125,0.0015,0.00025,0.0025,0.000625,0,0.00075,0.000125,0.003875,0.0005,-0.00075,0.003125,0.002875,0.000875,0.00325,-0.000875,0.002625,-0.001875,-0.000875,0.00175,0.00325,0.005,0.00125,0.002375,0.000625,-0.001375,-0.002625,-0.0025
35,-0.013875,-0.113625,-0.1635,-0.08375,0.069,0.132875,0.1625,-0.0775,-0.211875,-0.201125,-0.066375,0.174625,0.080625,0.055125,-0.078,-0.12775,-0.0585,0.0055,0.121,-0.023125,-0.083625,-0.005,0.0535,0.139625,0.075625,-0.02,-0.092375,-0.20025,0.067625,0.194,0.192,0.072875,-0.13225,-0.05875,-0.031,0.074625,0.141375,0.057,-0.0025,-0.09525,-0.079,-0.09425,0.067875,0.16725,0.154125,0.049875,-0.12025,-0.014125,0.01225,0.051625,0.08025,0.009625,-0.024875,-0.045125,0.07625,0.148125,0.00225,-0.005875,-0.013,-0.01025,-0.005875,0.001375,0.00475,0.00925,0.019375,0.002,-0.00175,-0.00975,-0.019875,-0.012375,0.003875,0.00225,0.007375,0.0105,0.004375,-0.007875,-0.00275,-0.014,-0.017125,0.012125,0.007875,0.008125,0.013875,-0.24325,-0.003625,-0.008625,-0.00825,-0.00825,0.0035,0.0095,0.006125,0.00975,0.001,-0.003875,-0.011125,-0.005625,-0.0105,-0.00325,-0.005125,0.006,0.007875,0.009625,-0.001375,-0.006875,-0.00575,-0.013375,-0.006625,0.001125,0.002875,0.00175,0.01275,0.006375
36,0.06575,0.10725,0.058625,-0.00225,-0.06675,0.045625,0.105625,0.006375,-0.054375,-0.110125,-0.0595,0.04775,0.11,0.17975,-0.058,-0.16925,-0.174125,-0.0655,0.134875,0.09,0.0645,-0.07075,-0.11225,-0.08625,-0.014,0.119375,0.008625,-0.0605,-0.021375,0.010625,0.069375,0.048875,0.0195,-0.061125,-0.099125,0.043375,0.137875,0.14875,0.061125,-0.088125,-0.05275,-0.064875,-0.006875,0.0435,0.107625,0.06,-0.003875,-0.044375,-0.10625,0.05275,0.156,0.165,0.065625,-0.07125,-0.043,-0.013875,0.003375,0.001875,0.00525,-0.002625,0.0025,-0.006375,-0.00075,-0.004125,0.005125,0.002375,0.004,0.00075,0.003125,0.00725,-0.004375,-0.00275,-0.00325,0.003,0.003,0.0085,-0.00125,0.000875,0.0165,-0.00825,-0.002,0.000125,0.003375,-0.062625,0.00425,0.000875,-0.00025,-0.00225,-0.0025,-0.001,-0.002375,-0.00075,-0.0045,0.0005,0.00225,0.00025,-0.002625,-0.002625,-0.002375,-0.000625,-0.000625,0.0025,-0.00275,0.0045,0.001375,-0.000625,-0.000875,-0.014,-0.007875,0.001875,0.00075,-0.000125
37,-0.066375,-0.057375,0.020625,0.048125,0.052625,-0.10325,-0.183875,0.03375,0.172,0.22625,0.099625,-0.129125,-0.138,-0.192625,0.1065,0.245,0.20825,0.0635,-0.192375,-0.056625,0.007125,0.073625,0.0805,-0.0035,-0.034875,-0.092,0.07275,0.22825,-0.02525,-0.141125,-0.202375,-0.100875,0.087625,0.127625,0.15575,-0.095375,-0.24275,-0.206,-0.068375,0.17525,0.050375,-0.00325,-0.07425,-0.157,-0.22175,-0.097875,0.108875,0.06875,0.12975,-0.091625,-0.228625,-0.192125,-0.061,0.12625,0.02675,-0.048125,-0.011875,-0.01,-0.00125,0.005,0.0025,0.016875,0.00375,0.002625,-0.0145,-0.010375,-0.0145,-0.0015,0.00275,0.006375,0.01125,0.011,0.004875,-0.0085,-0.010625,-0.014625,-0.0035,0.002375,-0.00425,0.01,0.008,-0.002125,-0.009625,0.26175,-0.00925,-0.005375,0.00175,0.008,0.00725,0.009375,0.00375,-0.003,0.0005,-0.00625,-0.009125,-0.00275,0.01175,0.007375,0.014125,0.008,0.005375,-0.001625,-0.0105,-0.011375,-0.004,0.00275,0.002375,0.02475,0.01575,0.003375,0.0005,-0.00475
38,-0.06575,-0.072875,0.000875,0.037125,0.059,-0.087625,-0.162,0.02525,0.144,0.1995,0.0905,-0.10575,-0.12775,-0.184875,0.096,0.225375,0.19875,0.06375,-0.175125,-0.059625,-0.00825,0.071625,0.08525,0.016,-0.023625,-0.0945,0.056,0.195875,-0.012625,-0.112125,-0.172375,-0.0875,0.066,0.11625,0.147,-0.08325,-0.2215,-0.1915,-0.066,0.159,0.0535,0.008375,-0.07125,-0.139375,-0.194875,-0.089625,0.084625,0.0665,0.127125,-0.083375,-0.211875,-0.189125,-0.062375,0.118,0.0335,-0.03075,-0.01575,-0.014625,-0.00625,0.001875,0.003125,0.02175,0.0075,0.0095,-0.0115,-0.013125,-0.020375,-0.004,-0.000875,0.007625,0.015375,0.0155,0.008,-0.007125,-0.01325,-0.021875,-0.005875,-0.002625,-0.00675,0.015375,0.0155,0.000375,-0.007875,0.22475,-0.021,-0.010375,-0.000625,0.009875,0.0075,0.01925,0.005875,-0.001,-0.00225,-0.012375,-0.01575,-0.005,0.01225,0.01,0.019625,0.0125,0.011875,0.003875,-0.01075,-0.02,-0.007625,-0.00725,-0.001,0.014875,0.017125,0.00425,0.005875,-0.00325
39,-0.132625,-0.2455,-0.171875,-0.022375,0.1665,-0.032375,-0.135625,-0.035625,0.03425,0.1475,0.094125,-0.016375,-0.161875,-0.303875,0.092625,0.28175,0.31275,0.127625,-0.210875,-0.158375,-0.139375,0.131875,0.236625,0.199875,0.04575,-0.2195,-0.02175,0.10475,0.057,0.028,-0.086125,-0.075375,-0.050125,0.125375,0.2155,-0.063375,-0.237375,-0.276625,-0.11925,0.160375,0.13575,0.1265,-0.119625,-0.263,-0.20175,-0.102,0.006125,0.088,0.226,-0.087375,-0.28425,-0.325,-0.136125,0.153625,0.128125,0.0915,-0.007875,-0.015875,-0.007875,0.004125,0,0.011625,0.00225,-0.0005,-0.00625,-0.007,-0.0095,-0.001,-0.000125,0.000625,0.00075,0.006625,0.00675,-0.00375,-0.005875,-0.0135,0.005125,-0.004,-0.021,0.019375,0.00475,-0.003125,-0.00575,0.120125,-0.0065,-0.003625,0.00025,0.004,0.003875,0.00675,0.00375,0.00075,0.002,-0.004125,-0.007625,-0.002625,0.002,0.005125,0.012,-0.001125,0.00025,-0.005875,-0.004125,-0.013375,-0.002125,0.00175,0.003625,0.017125,0.012,0.00425,0.000625,-0.0025
40,-0.1145,-0.221375,-0.166375,-0.02825,0.1495,-0.0165,-0.10125,-0.03725,0.0105,0.10975,0.074375,0.00275,-0.134875,-0.25775,0.073375,0.232875,0.26675,0.112125,-0.172,-0.14075,-0.134,0.114125,0.201375,0.188625,0.04675,-0.19425,-0.0295,0.07075,0.057,0.045125,-0.05325,-0.05725,-0.057875,0.101875,0.184125,-0.04675,-0.190875,-0.23125,-0.10275,0.12725,0.11975,0.12,-0.100625,-0.235,-0.185875,-0.082625,-0.006625,0.07,0.193,-0.069375,-0.23775,-0.2795,-0.119,0.128375,0.1175,0.09225,-0.00825,-0.014125,-0.004125,0.00375,0.00075,0.01025,0.0045,-0.00075,-0.005375,-0.008,-0.00875,-0.00325,0.003375,0.0045,0.00425,0.006625,0.007,-0.003,-0.007375,-0.01075,0.0055,-0.002125,-0.031125,0.01875,0.005,-0.002875,-0.0045,0.081,-0.007125,-0.00325,0.000625,0.00375,0.00275,0.00625,0.0035,0.000125,0.000625,-0.003375,-0.00775,-0.0035,0.001375,0.004375,0.009375,0.001875,0.000125,-0.00375,-0.01025,-0.001625,-0.0005,0.001625,0.005,0.019625,0.009625,-0.001875,0.00175,-0.003125
41,0.0455,0.047125,0.0135,-0.013125,-0.033125,0.044875,0.08475,-0.004375,-0.0735,-0.114,-0.046625,0.0495,0.077,0.114125,-0.04675,-0.145,-0.1365,-0.039875,0.102375,0.049875,0.0345,-0.05225,-0.06975,-0.034875,0.001875,0.071125,-0.010125,-0.07325,-0.005,0.040125,0.082375,0.042,-0.00975,-0.05075,-0.072625,0.043625,0.110875,0.1035,0.039,-0.069375,-0.02725,-0.009,0.046125,0.0735,0.029,-0.001125,-0.0475,-0.027,-0.064125,0.04025,0.1075,0.10725,0.03725,-0.056375,-0.01825,0.011625,0.003625,0.007,0.002125,-0.001375,-0.000875,-0.0045,-0.000625,-0.000375,0.005375,0.00425,0.005,0.0005,-0.000625,-0.0025,-0.003,-0.003625,-0.00375,0.003,0.005,0.00425,-0.00075,0.001,0.006625,-0.004,-0.00325,0.00025,0.00225,-0.086125,0.0055,0.001125,5.55E-17,-0.001375,-0.002375,-0.0025,-0.002375,-0.0005,-0.003,0.002125,0.0035,0.001375,-0.00225,-0.001625,-0.006,-0.000625,0.00125,0.002375,-0.0025,-0.000625,0.000875,-0.000875,-0.000625,-0.011625,-0.004,-0.00175,-0.0005,0.001
42,0.073875,0.19875,0.19725,0.068625,-0.111125,-0.04725,-0.0155,0.0675,0.1215,0.05275,-0.006625,-0.089625,0.0595,0.161625,0.00275,-0.074625,-0.143875,-0.078625,0.056125,0.13325,0.177375,-0.0735,-0.175625,-0.229,-0.086375,0.166,0.111875,0.13825,-0.087875,-0.178125,-0.115125,-0.021,0.157875,0.009125,-0.061,-0.0285,0.00575,0.086125,0.058125,0.019375,-0.077625,-0.122375,0.0515,0.165125,0.188375,0.07725,-0.106125,-0.043875,-0.095625,-0.000625,0.071875,0.151125,0.082625,-0.028375,-0.09375,-0.1255,0.000375,0.010375,0.009,0.003125,0.001875,-0.0045,-0.00325,-0.004875,-0.008625,0.001375,0.000875,0.00575,0.00275,0.00175,0.000875,-0.001875,-0.00775,-0.005375,0.00125,0.0055,-0.006625,0.009,0.03225,-0.0145,-0.003375,0.00025,-0.0065,0.160875,0.00225,0.004,0.004,0.00475,0.000375,-0.003,-0.005,-0.00575,-0.005375,0.00275,0.007125,0.003125,0.009,0.000125,-0.00425,-0.001125,-0.005125,-0.0035,-0.001625,0.00425,0.002625,0.00225,0.000125,-0.014,-0.003625,-0.006875,-0.00675,-0.001875
43,-0.114125,-0.254125,-0.2195,-0.057125,0.161125,0.024375,-0.04475,-0.065625,-0.066,0.03275,0.047875,0.062875,-0.1065,-0.236875,0.037375,0.181,0.24025,0.109875,-0.126875,-0.152625,-0.171,0.1095,0.229125,0.240125,0.076875,-0.203375,-0.072625,-0.021625,0.0825,0.122625,0.027125,-0.025875,-0.113375,0.06675,0.157,-0.0145,-0.12425,-0.195625,-0.097125,0.077,0.12625,0.152125,-0.093375,-0.241875,-0.225,-0.077625,0.172375,0.0375,0.019375,-0.081875,-0.191,-0.2595,-0.1225,0.10175,0.134375,0.13675,-0.005375,-0.011875,-0.005,0.001625,-0.001125,0.007875,0.003125,0.0025,0.0015,-0.004,-0.00475,-0.00325,-0.000875,0.00375,0.005375,0.00475,0.006625,-0.0015,-0.003125,-0.0105,0.007125,-0.004875,-0.0275,0.020625,0.005,-0.002,-0.000875,-0.027375,-0.004875,-0.00375,-0.000625,0.00075,0.00325,0.005625,0.0055,0.0025,0.003625,-0.003,-0.006375,-0.004375,-0.002125,0.002375,0.00825,0.00775,0.007375,-0.00175,0.00125,0.002875,-0.00025,0.0045,0.003125,0.02575,0.007,-0.004625,0.0035,-0.000875
44,-0.134875,-0.308625,-0.273,-0.076375,0.19525,0.043375,-0.0375,-0.083625,-0.101625,0.018125,0.04925,0.088875,-0.120125,-0.2775,0.038125,0.198625,0.276,0.132,-0.137125,-0.183375,-0.21275,0.12875,0.26925,0.299625,0.098875,-0.242375,-0.096625,-0.052,0.104375,0.16775,0.055,-0.0215,-0.15125,0.0685,0.17775,-0.008125,-0.129625,-0.222,-0.11475,0.07675,0.151875,0.188,-0.108375,-0.285,-0.28325,-0.099,0.20825,0.053125,0.038625,-0.1015,-0.21325,-0.301125,-0.146625,0.11075,0.161625,0.174125,-0.006375,-0.015625,-0.009,0.000125,-0.001625,0.007625,0.00325,0.000625,0.00325,-0.008625,-0.008625,-0.004,0.001875,-0.000625,0.002875,0.0055,0.009875,-0.0005,-0.00475,-0.012125,0.009,-0.0075,-0.046,0.024125,0.00625,0.000375,-0.000125,-0.065125,-0.0035,-0.005875,-0.001625,2.22E-16,0.00375,0.0075,0.005625,0.00275,0.000625,-0.0045,-0.011125,-0.00725,-0.00425,0.0045,0.01075,0.00075,0.002875,-0.00175,-0.007375,-0.001875,-0.002125,0.00025,-2.22E-16,0.028,0.01475,0.00425,0.004875,-0.000625
45,-0.102625,-0.305875,-0.319125,-0.1215,0.179125,0.123375,0.087875,-0.120125,-0.238875,-0.144,-0.01675,0.1915,-0.036,-0.177625,-0.033625,0.047,0.16225,0.102875,-0.01975,-0.1735,-0.253625,0.09225,0.266375,0.344625,0.138625,-0.21325,-0.169375,-0.236875,0.138375,0.29725,0.215,0.051625,-0.241875,-0.021625,0.08225,0.06275,0.039,-0.096,-0.0785,-0.050875,0.129875,0.21075,-0.0665,-0.240625,-0.30325,-0.12925,0.16275,0.086125,0.150125,-0.125625,-0.290125,-0.229,-0.118125,0.026,0.158125,0.228625,-0.010875,-0.020125,-0.0165,-0.00175,0.00075,0.013875,0.00675,0.00525,0.01125,-0.0095,-0.011625,-0.0095,-0.00275,0.005375,0.011875,0.00775,0.0085,0,-0.0045,-0.019,0.007875,-0.00975,-0.017875,0.031625,0.011625,-1.11E-16,0.0025,-0.288,-0.012125,-0.009875,-0.00175,0.0015,0.006125,0.01425,0.0065,0.001125,-0.0035,-0.010625,-0.012875,-0.001875,-0.002625,0.00575,0.014125,0.012125,0.00675,-0.005125,-0.0145,-0.013875,-0.00325,0.0035,0.00525,0.01875,0.021375,0.0085,0.007625,-0.001125
46,-0.084375,-0.26275,-0.281875,-0.109625,0.15175,0.1145,0.09,-0.108,-0.22325,-0.144625,-0.02275,0.17725,-0.02175,-0.14325,-0.03825,0.02225,0.1255,0.084875,-0.0045,-0.1485,-0.222875,0.075625,0.204875,0.301625,0.1245,-0.18175,-0.153375,-0.226375,0.12175,0.271875,0.204875,0.0515,-0.217875,-0.03075,0.058625,0.062625,0.052875,-0.07025,-0.0645,-0.057125,0.109625,0.184625,-0.053125,-0.203,-0.265625,-0.11525,0.136875,0.07975,0.144625,-0.111625,-0.263375,-0.21875,-0.09825,0.014875,0.136625,0.203125,-0.0045,-0.013375,-0.01025,0.000375,-0.0005,0.009625,0.00275,0.00125,0.011625,-0.004375,-0.003875,-0.006375,-0.000625,-0.000375,0.003875,0.001875,0.004875,0.001875,-0.004375,-0.00925,0.008625,-0.008,-0.049125,0.022625,0.004,0.000125,0.0025,-0.27175,-0.002125,-0.004375,-0.001,-0.002,0.002125,0.005,0.00375,0.001875,-0.001875,-0.003125,-0.00675,-0.00325,-0.004625,0.002,0.005375,-0.00025,0.00225,0.000125,-0.000875,-0.0045,0.0005,-0.003625,0.000625,0.019625,0.01275,0.0065,0.0055,0.00075
47,0.078125,0.194,0.182125,0.056125,-0.111875,-0.032125,0.01225,0.059875,0.088,0.01425,-0.021125,-0.06675,0.07575,0.1795,-0.0125,-0.1055,-0.16475,-0.08275,0.081625,0.13275,0.165,-0.079125,-0.181,-0.213,-0.075875,0.16825,0.09375,0.093125,-0.078625,-0.145375,-0.077625,-0.0045,0.133,-0.012,-0.081125,-0.012875,0.04225,0.111625,0.065,-0.009375,-0.080625,-0.1145,0.05875,0.16775,0.18375,0.06875,-0.114375,-0.0325,-0.0345,0.0685,0.135625,0.073125,0.00625,-0.06825,-0.0905,-0.111125,0.0015,0.008875,0.006125,0.00125,0.00125,-0.004125,-0.002125,-0.004,-0.005,0.00375,0.002375,0.003625,-0.00225,-0.001625,0.00025,-0.002125,-0.006875,-0.00275,0.002125,0.00575,-0.0075,0.006375,0.028125,-0.013875,-0.0015,0.00075,-0.00425,0.1075,0.0015,0.00275,0.00175,0.00275,0.000875,-0.002875,-0.002625,-0.00425,-0.0035,0.001375,0.004125,0.002625,0.005625,-0.000125,-0.004125,-0.00025,-0.003875,-0.001625,0.002,0.0045,0.002875,0.0015,-0.00125,0.000875,-0.007875,-0.010625,-0.003875,-1.11E-16
48,-0.00575,0.066125,0.117875,0.06925,-0.012625,-0.08125,-0.116625,0.061,0.17825,0.17575,0.06225,-0.122125,-0.044375,-0.019125,0.072375,0.116125,0.0525,-0.00425,-0.0835,0.05275,0.11875,0.005375,-0.0525,-0.13875,-0.0755,0.048125,0.126875,0.25875,-0.068125,-0.20375,-0.21,-0.081875,0.16475,0.10875,0.089375,-0.083875,-0.174,-0.098125,-0.015875,0.14625,0.00575,-0.0555,-0.023625,0.01,0.08625,0.056625,0.0185,-0.04375,-0.123,0.047625,0.158125,0.185375,0.08025,-0.07775,-0.0665,-0.08725,-0.000125,0.005125,0.00925,0.0065,0.0015,0.001375,-0.003625,-0.00625,-0.014625,0.000125,0.001125,0.00475,0.007625,0.00325,0.000375,-0.000125,-0.003875,-0.008,-0.002375,0.003,-0.00325,0.008,0.017,-0.0085,-0.003125,-0.004,-0.010125,0.307,0.00025,0.0045,0.00325,0.00575,-0.002,-0.004375,-0.000875,-0.004,-0.000875,0.002625,0.004,0.000375,0.005875,0.0005,-0.00175,-0.00675,-0.00525,-0.003125,0.011625,0.003,0.00075,0.003625,0.00225,-0.015625,-0.0105,-0.001,-0.008375,-0.003
49,-0.00175,-0.001125,-0.003,-0.00175,-0.000375,0.004625,0.00375,-0.002,-0.00525,-0.007125,-0.003125,0.0015,0.001,0.002875,-0.005,-0.001875,-0.000125,-0.000625,0.001375,-0.00275,-0.003375,-0.000625,0.002875,0.006,-0.001875,-0.001125,-0.002,0.017375,0.000375,0.002125,0.002125,0.005,-0.002125,-0.003125,-0.002125,0.0005,0.001,0.00025,-0.0005,-0.000125,0.000875,0.001,0.00275,0.000375,0.002,-0.000375,-0.0035,0.000625,0.001875,-0.000625,-0.00075,-0.001,-0.000375,-0.0005,-0.00025,-0.002,0.21775,0.190625,0.13775,0.044,-0.04225,-0.268875,-0.127125,-0.128375,-0.0015,0.154625,0.24675,0.111875,0.058875,-0.069625,-0.224375,-0.186,-0.085375,0.02575,0.093375,0.277375,0.10925,0.06925,-0.049875,-0.1855,-0.240125,-0.0745,0.038625,0.18575,0.24775,0.172625,0.027125,-0.10675,-0.118875,-0.275,-0.084125,0.0095,0.104375,0.189375,0.21075,0.04325,-0.1315,-0.118625,-0.251375,-0.159625,0.047125,0.168875,0.139375,0.204875,0.046625,-0.09175,-0.13025,-0.171875,-0.152125,-0.00175,0.205125,0.134375
50,-0.002375,-0.001625,-0.006,-0.00225,0.0005,0.005625,0.005875,-0.004875,-0.007,-0.008375,-0.002875,0.00325,-0.00075,-0.000125,-0.005875,-0.00175,-0.00025,0.0015,0.004625,-0.00325,-0.005,-0.0005,0.003875,0.008,0,-0.003,-0.0035,0.003875,0.0015,0.005375,0.005125,0.002625,-0.0045,-0.003125,-0.000875,0.001625,0.001125,-0.000125,-0.0015,-0.001875,0.001125,0.0025,0.0025,0,-0.005375,-0.001375,0.00175,0.000125,0.0025,-0.002875,-0.002625,-0.008,-0.00325,0.00075,-0.001125,-0.002375,0.196,0.14575,0.1335,0.084875,-0.015875,-0.189125,-0.107375,-0.14,-0.0405,0.099375,0.18775,0.10075,0.099875,-0.024,-0.153375,-0.147875,-0.10275,-0.029875,0.05225,0.214125,0.099625,0.10225,-0.002125,-0.134125,-0.202375,-0.079125,-0.02875,0.09525,0.187125,0.15075,0.059375,-0.0365,-0.081625,-0.231375,-0.08625,-0.0435,0.048875,0.14875,0.19575,0.0575,-0.04775,-0.079125,-0.206375,-0.146375,0.001,0.096375,0.105375,0.1885,0.061375,-0.023125,-0.081375,-0.15475,-0.160125,-0.016125,0.1195,0.101
51,-0.002125,-0.00175,-0.005125,-0.000375,0.000125,-0.00275,0.0015,-0.0015,-0.00075,-0.00075,-0.000375,0.001375,-0.000875,-0.00125,0.00025,-0.000125,0.00125,0.002125,0.002,0.000125,-0.001375,-0.00275,0.0025,0.000375,0.000375,0.00175,0.001625,-0.022375,0.00075,0.001375,0.001125,-0.005125,0,-0.003,-0.002,0.002125,0.003625,0.002375,0.000375,-0.00175,-0.00075,0.000875,0,-0.00175,-0.000625,-0.00075,-0.001375,0.000375,0.000625,-0.0005,-0.004,-0.0035,-0.001125,0.000875,0.002,0.0005,0.0835,0.1345,0.142625,0.190125,0.0725,0.096,-0.019875,-0.145375,-0.15425,-0.105125,-0.040375,0.0435,0.21475,0.12725,0.11575,0.004375,-0.131125,-0.199875,-0.0905,-0.033,0.0485,0.1765,0.1495,0.051875,-0.033625,-0.074,-0.22225,-0.180875,-0.041875,0.049375,0.146875,0.188125,0.057,-0.044,-0.075625,-0.197375,-0.136,-0.004,0.093125,0.093125,0.2135,0.057375,-0.019875,-0.08825,-0.14725,-0.15275,-0.01825,0.097625,0.0975,0.19275,0.09225,-0.051375,-0.14675,-0.060125,-0.1715,-0.0265
52,0.002625,0.009125,0.0015,0.002375,0.00125,-0.006375,-0.007875,0.0015,0.010125,0.010875,0.00475,-0.00675,-0.008375,-0.00725,0.009875,0.009125,0.006875,0.00525,-0.002625,0.001375,0.0055,-0.001125,0.008375,-0.005875,-0.0025,0.000375,0.006375,-0.0145,-0.00175,-0.01,-0.01175,-0.0125,0.007,0.00375,0.00325,-0.003375,-0.006875,-0.005875,-0.00225,0.00725,-0.00025,-0.002875,-0.003125,-0.0065,0.004,0.00175,0.003,-0.002625,-0.006875,-0.001125,0.006375,0.006875,0.004875,-0.003625,-0.0045,-0.004625,0.04275,0.140625,0.191625,0.213,0.0955,0.182125,0.0085,-0.14125,-0.181375,-0.164375,-0.11125,0.021625,0.236875,0.163375,0.19,0.0535,-0.133375,-0.241,-0.13275,-0.112,0.027625,0.19025,0.196625,0.109,0.022375,-0.06725,-0.271375,-0.2385,-0.114625,0.014625,0.167,0.2495,0.100125,0.021625,-0.068625,-0.234375,-0.18675,-0.05225,0.055,0.10375,0.285875,0.097375,0.043375,-0.071,-0.1895,-0.2235,-0.0695,0.060625,0.105125,0.24875,0.143875,-0.004375,-0.129,-0.07525,-0.255625,-0.06525
53,-0.000625,-0.003375,-0.007375,0.000125,0.00625,-0.001125,-0.002375,0.001125,-0.0015,0.003625,0.002375,0.004625,-0.000875,-0.003,0.00275,0.000375,0.001625,-0.00025,-0.00125,0.00025,-0.002375,0.002375,-0.000875,0.000625,0.006375,-0.001375,-0.002,-0.027625,0.0035,0.006375,0.00575,-0.000875,-0.00425,0,0.003,0.002,0.002125,0.001,0.000375,-0.003,0.001625,0.004,-0.004375,-0.003875,-0.00975,-0.00375,0.002875,0.003875,0.0045,-0.00325,-0.00875,-0.01075,-0.001375,0.005,0.004875,0.004375,-0.34675,-0.14825,0.07775,0.290375,0.138875,0.354,0.191375,0.242375,0.057875,-0.18775,-0.345,-0.18,-0.16375,0.054125,0.282125,0.26825,0.172625,0.03375,-0.096375,-0.392125,-0.175,-0.166375,0.016,0.250625,0.36125,0.133125,0.029,-0.218875,-0.343875,-0.269875,-0.09175,0.085875,0.149125,0.415875,0.1505,0.05775,-0.103625,-0.274125,-0.34325,-0.100625,0.11175,0.151,0.37275,0.255875,-0.015875,-0.193,-0.189875,-0.330375,-0.101875,0.058625,0.157625,0.271,0.274875,0.023625,-0.236625,-0.186
54,-0.007,-0.018125,-0.018875,-0.006,0.010875,0.004625,0.001625,-0.004875,-0.0165,-0.019625,-0.008375,0.0105,0.011625,0.014375,-0.0105,-0.019375,-0.016125,-0.00675,0.014,0.00075,-0.003875,-0.001375,0.0085,0.006,0.00475,0.003625,-0.0105,-0.001125,0.003375,0.0155,0.020375,0.015125,-0.0125,-0.011125,-0.011875,0.007375,0.019375,0.01575,0.0055,-0.015375,-0.002875,0.001875,0.005,0.007375,-0.00075,-0.0035,-0.00475,0.005375,0.013125,-0.00025,-0.00875,-0.01675,-0.008,0.006625,0.008375,0.01275,-0.086125,-0.1535,-0.16875,-0.1405,-0.000125,0.18975,0.125625,0.200125,0.183125,0.134375,0.063625,-0.045375,-0.251125,-0.155375,-0.148375,-0.016875,0.15075,0.238125,0.1145,0.056875,-0.050875,-0.205875,-0.163,-0.071,0.023625,0.083375,0.2675,0.189375,0.064875,-0.048875,-0.1725,-0.22925,-0.07525,0.03475,0.086375,0.233125,0.16675,0.01525,-0.097,-0.112125,-0.259875,-0.07475,0.007625,0.10125,0.17925,0.188875,0.04,-0.105,-0.111875,-0.233375,-0.116375,0.04725,0.16425,0.07425,0.214875,0.039375
55,-0.01175,-0.0305,-0.02525,-0.01075,0.018875,0.008125,0.00375,-0.00675,-0.025125,-0.033625,-0.01375,0.01475,0.019125,0.0245,-0.017875,-0.033625,-0.029,-0.009875,0.023,0.0045,-0.003625,-0.00725,-0.003875,0.00475,0.005375,0.0085,-0.0145,-0.01675,0.003625,0.02175,0.030625,0.01925,-0.016375,-0.020125,-0.02275,0.01275,0.034875,0.028875,0.010375,-0.026875,-0.008,-0.0015,0.0115,0.016625,0.005625,-0.003625,-0.016875,0.004875,0.02,0.00125,-0.013125,-0.026,-0.015625,0.007125,0.0165,0.021375,-0.019875,-0.09925,-0.1465,-0.145375,-0.01825,0.107625,0.091625,0.172375,0.132875,0.126625,0.09275,-0.011375,-0.17,-0.123875,-0.146625,-0.0475,0.092,0.17725,0.09775,0.093875,-0.015375,-0.13575,-0.1315,-0.086875,-0.02725,0.04725,0.19825,0.14625,0.094375,-0.00225,-0.11875,-0.184875,-0.077,-0.027,0.04525,0.169875,0.140875,0.0485,-0.029,-0.069625,-0.212875,-0.077125,-0.043875,0.043625,0.14025,0.168875,0.0575,-0.03125,-0.070875,-0.18475,-0.110375,0.001625,0.0905,0.05175,0.195125,0.05425
56,-0.001,-0.003625,-0.00275,-0.00175,-0.000125,0.00375,0.00425,-0.002875,-0.006375,-0.0065,-0.004,-1.11E-16,0.00375,0.0075,-0.004625,-0.006,-0.006125,-0.00225,0.00675,0.0025,0.00175,-0.003375,-0.00225,-0.00175,-0.003625,0.003875,0.00025,0.010625,-0.002,-0.001625,0.000375,0.00375,2.78E-17,-0.00475,-0.005875,0.001,0.004,0.006625,0.002625,-0.00325,-0.0035,-0.00475,0.005125,0.008375,0.0055,0.002375,-0.00625,-0.000875,-0.000125,0.003375,0.005875,-0.002875,-0.0005,-0.003625,0.000125,0.0025,0.197375,0.086125,-0.0385,-0.159875,-0.0775,-0.165875,-0.018,0.09775,0.13975,0.1395,0.192125,0.103875,0.0955,-0.026,-0.15475,-0.15,-0.099375,-0.023125,0.0575,0.218125,0.09875,0.096875,-0.001125,-0.1385,-0.2035,-0.076875,-0.022125,0.112875,0.191875,0.152,0.055375,-0.044375,-0.083125,-0.23525,-0.08625,-0.038,0.053875,0.1535,0.194375,0.060125,-0.05775,-0.08375,-0.20875,-0.143875,0.003625,0.105,0.10225,0.19025,0.058875,-0.026375,-0.08525,-0.159125,-0.156125,-0.016,0.127125,0.103375
57,-0.00225,-0.003125,-0.005,-0.0035,0.000375,0.004625,0.00525,-0.00325,-0.010125,-0.010375,-0.0045,-0.00225,0.001375,0.009125,-0.005,-0.009,-0.010125,-0.004,0.008875,0.004,0.005125,-0.006375,-0.010625,-0.004875,-0.004875,0.006,0.001125,0.006125,-0.004125,-0.003375,0.000375,0.002,0.001375,-0.00675,-0.011,0.001875,0.008125,0.008125,0.003625,-0.005,-0.00625,-0.00825,0.005875,0.0135,0.00975,0.003875,-0.006875,-0.001,-0.000375,0.004125,0.00525,0.001875,-0.002375,-0.003375,0.002,0.004125,0.248875,0.141375,-0.002875,-0.146375,-0.09,-0.240125,-0.055125,0.0625,0.138875,0.185375,0.204,0.129,0.175125,0.007125,-0.140875,-0.167625,-0.154375,-0.089875,0.036625,0.23675,0.126625,0.165125,0.040125,-0.142375,-0.240875,-0.110125,-0.094875,0.07425,0.202875,0.188,0.10925,0.0105,-0.076375,-0.279375,-0.12125,-0.1045,0.01675,0.171625,0.2495,0.098625,0.003875,-0.075375,-0.241125,-0.193625,-0.043625,0.069625,0.11175,0.247375,0.0975,0.028375,-0.068375,-0.1845,-0.223375,-0.037875,0.090375,0.10875
58,0.001,0.003125,-0.002125,0.002,-0.002125,0.0025,0.000875,-0.001375,0.00325,0.001375,-0.000125,-0.003375,-0.00425,-0.00125,0.004625,0.004,0.004,0.00325,-0.003375,0.002,0.000875,-0.003875,-0.016375,-0.004375,-0.00225,0.002375,0.005875,-0.029625,-0.00025,-0.005,-0.00625,-0.011625,0.0055,0.001125,0.001125,0.000125,-0.003375,0,0.0005,0.00275,-0.00075,-0.000875,-0.000625,0.0045,0.0015,0.001125,0.00075,-0.002125,-0.006375,-0.001125,0.000625,-0.000125,0.001625,-0.00225,-0.00125,-0.001875,0.080625,0.196375,0.24475,0.224375,0.014875,-0.227875,-0.1675,-0.2915,-0.140625,0.09075,0.256625,0.173,0.321875,0.217,0.232375,0.05225,-0.186125,-0.318875,-0.160375,-0.119125,0.05,0.2615,0.22375,0.1235,0.00525,-0.098375,-0.35625,-0.313125,-0.1265,0.0375,0.2245,0.322,0.11925,-0.003625,-0.10175,-0.311875,-0.23925,-0.051375,0.09575,0.140125,0.367375,0.1185,0.02925,-0.106,-0.245,-0.27925,-0.08475,0.10275,0.140625,0.324625,0.17925,-0.02625,-0.19425,-0.1,-0.31675,-0.072875
59,0.000125,-0.004125,-0.002625,-0.002,0.004125,0.002,0.003,-0.004,-0.00475,-0.002875,-0.00075,0.005375,-0.002,-0.003625,0.00275,-0.002375,-0.004125,-0.002,0.000875,0.0035,0.003625,-0.00075,0.003375,-0.006875,0.002125,0.003875,0.0005,-0.016,-0.000125,0.000125,0.00125,-0.0005,2.78E-17,0.00075,-0.002625,0.000375,0.002375,0.004,0.00225,-0.003375,-0.00125,-0.002625,-0.00125,0.0065,-0.00225,-0.000375,-0.00075,0.002375,0.00125,0.00075,0.0005,-0.002375,0,-0.002875,0.003,0.005,-0.245,-0.1155,0.029875,0.188125,0.093625,0.21,0.029875,-0.108375,-0.1645,-0.175875,-0.144,0.0015,0.203875,0.164125,0.21375,0.182,0.130375,0.043375,-0.05725,-0.26375,-0.125,-0.131625,0.006875,0.16425,0.248,0.1,0.044625,-0.128125,-0.228125,-0.188125,-0.078125,0.04,0.097125,0.286875,0.109,0.059875,-0.057875,-0.1845,-0.243375,-0.0765,0.05475,0.09575,0.25575,0.185,0.006375,-0.115875,-0.131,-0.242625,-0.0795,0.0195,0.09625,0.189375,0.20025,0.02,-0.142,-0.123625
60,0,-0.00475,-0.007625,-0.00325,0.00225,0.00275,0.004375,-0.004125,-0.008125,-0.006125,-0.002,0.0045,0,-0.000625,-0.000625,-0.005875,-0.008125,-0.003125,0.001875,0.003,0.00925,-0.001875,-0.012625,-0.007,0.00025,0.00575,-0.000375,-0.009875,-0.000875,-0.002125,-0.00025,0.002,0.00025,-0.003125,-0.0075,0.00025,0.0055,0.004125,0.00225,-0.004,-0.002875,-0.005375,-0.000125,0.002625,0.004,0.00075,-0.011,-0.00175,0.00025,0.001625,0.0035,-0.002875,-0.001,-0.009,0.001,0.0045,-0.170375,-0.089125,-0.004375,0.08,0.0515,0.152,0.036625,-0.027375,-0.088375,-0.1275,-0.114,-0.017875,0.089125,0.08625,0.142875,0.11175,0.110625,0.064375,-0.012,-0.133875,-0.08975,-0.122375,-0.0365,0.07775,0.1385,0.06675,0.064875,-0.046375,-0.114625,-0.128625,-0.081375,-0.0135,0.04275,0.1625,0.072625,0.081,-0.00475,-0.097375,-0.15075,-0.060375,-0.011,0.042125,0.163625,0.121125,0.032125,-0.0335,-0.07875,-0.14225,-0.0605,-0.02625,0.03225,0.11375,0.141,0.018625,-0.04325,-0.069125
61,0.00225,-0.002875,-0.00875,-0.0045,-0.00125,0.006875,0.009625,-0.0035,-0.012875,-0.014,-0.005375,0.00925,0.009625,0.00875,-0.004125,-0.015625,-0.0125,-0.006,0.002,0.007,0.008,-0.002125,0.002625,-0.009375,-0.00425,0.007875,0.002375,0.026625,-0.008375,-0.00675,-0.00175,0.00675,0.00575,-0.00275,-0.00675,-0.0015,0.00125,0.00725,0.0045,-0.00225,-0.006625,-0.008125,0.0045,0.014125,0.01175,0.00425,-0.00925,-0.002,-0.0035,0.005,0.010625,0.0095,0.0015,-0.003375,-0.001,0.00525,-0.031375,-0.11575,-0.154875,-0.16175,-0.01725,0.127,0.106125,0.19575,0.10575,-0.043125,-0.15475,-0.1105,-0.189125,-0.036375,0.084375,0.132625,0.1515,0.203625,0.109375,0.10075,-0.02225,-0.158125,-0.14125,-0.095,-0.025,0.054625,0.226625,0.224625,0.108375,-0.008,-0.138375,-0.211625,-0.08325,-0.02275,0.055375,0.19725,0.16,0.04925,-0.0415,-0.084,-0.241,-0.085,-0.041375,0.055625,0.158375,0.19175,0.056125,-0.04775,-0.086125,-0.210375,-0.12275,0.003875,0.109875,0.061125,0.217625,0.05775
62,0.002,-0.00075,-0.00475,-0.004125,-0.001375,0.005625,0.009375,-0.001125,-0.0115,-0.01275,-0.004625,0.01125,0.01125,0.01025,-0.00725,-0.01425,-0.011625,-0.00675,0.00075,0.004875,0.004375,-0.001375,0.0055,-0.006875,-0.00325,0.004625,0.001125,0.033125,-0.003625,-0.006,-0.002,0.008,0.005125,-0.001,-0.0015,-0.00125,0.000625,0.00625,0.003875,-0.00225,-0.004875,-0.00675,0.005,0.0095,0.010375,0.005125,-0.006125,-0.001875,-0.00125,0.007,0.011125,0.00875,0.00375,0.000875,0.000625,0.003875,0.02925,-0.0935,-0.17975,-0.2185,-0.041625,0.083375,0.105875,0.235375,0.1545,-0.000875,-0.12725,-0.120125,-0.24975,-0.075625,0.0385,0.12075,0.188125,0.204625,0.133,0.17525,0.00875,-0.13475,-0.153,-0.1435,-0.0895,0.031375,0.231125,0.27325,0.164875,0.039375,-0.128875,-0.23325,-0.117,-0.0965,0.03125,0.194125,0.18375,0.098,0.018625,-0.0705,-0.273125,-0.11625,-0.10775,0.0105,0.169375,0.23325,0.103125,0.009,-0.07025,-0.2315,-0.15625,-0.05025,0.06475,0.060125,0.269,0.09275
63,0.000375,0.005125,0.00825,0.001875,-0.005125,-0.003625,-0.00025,0.00275,0.000125,-0.002125,-0.00175,-0.00325,0.005375,0.006375,-0.00525,-0.002,-0.00425,-0.00575,-0.00025,-0.001625,-0.00125,-0.0025,-0.005375,0.002,-0.005125,-0.000375,0.003875,0.0175,-0.00225,-0.004125,-0.004,-0.0015,0.003625,-0.000375,0.00125,-0.00075,-0.002875,-0.002875,-0.001125,0.00325,-0.000625,-0.00175,0.004125,0.0015,0.003125,0.002,0.001375,-0.00175,-0.00225,0.0015,0.004875,0.0045,-0.000625,0.00175,-0.002625,-0.0045,0.366,0.208875,-0.002125,-0.212,-0.129625,-0.357625,-0.081375,0.082125,0.201125,0.269875,0.263375,0.040125,-0.231375,-0.22425,-0.339125,-0.1645,0.099625,0.28475,0.1935,0.345625,0.188,0.247375,0.0565,-0.204125,-0.351375,-0.16375,-0.144125,0.114,0.29575,0.276125,0.164,0.01725,-0.11,-0.4075,-0.18,-0.15825,0.024,0.251125,0.366625,0.143375,0.01,-0.10825,-0.355875,-0.2885,-0.066375,0.0985,0.167125,0.364375,0.146375,0.049,-0.095375,-0.276875,-0.3325,-0.053375,0.127875,0.15775
64,0.013875,0.01925,0.01075,-0.003125,-0.016,0.0095,0.02325,-0.00375,-0.017875,-0.02925,-0.014375,0.010125,0.014125,0.028375,-0.01375,-0.033875,-0.030375,-0.00925,0.026625,0.007375,0.00175,-0.01425,-0.02975,-0.04225,-0.017375,0.016875,0.024125,0.012875,-0.01675,-0.04325,-0.03825,-0.019375,0.031375,0.007875,-0.002625,-0.012,-0.019875,0.000125,0.00475,0.015375,-0.014,-0.026875,0.0025,0.022625,0.032125,0.01675,-0.016125,-0.013375,-0.03,0.012875,0.03975,0.038125,0.01675,-0.024375,-0.01125,-0.00225,0.02225,0.117875,0.173125,0.185875,0.023875,-0.129375,-0.115375,-0.22125,-0.121875,0.0385,0.1625,0.121625,0.21525,0.04675,-0.0875,-0.141875,-0.17175,-0.137,0.000625,0.190625,0.123375,0.19475,0.169125,0.108125,0.03825,-0.055125,-0.24775,-0.195875,-0.122125,0.000625,0.14825,0.232,0.097375,0.038875,-0.05625,-0.2125,-0.1765,-0.062,0.034125,0.088625,0.267875,0.09775,0.056125,-0.048875,-0.17425,-0.213375,-0.079125,0.033875,0.08825,0.23375,0.1385,0.00225,-0.10975,-0.070375,-0.246125,-0.068625
65,0.007375,0.013375,0.007375,-0.000625,-0.009875,0.004875,0.011875,-0.002875,-0.007125,-0.01525,-0.00775,0.000125,0.005875,0.013875,-0.00925,-0.01825,-0.018625,-0.005125,0.0175,0.005,0.0095,-0.009625,-0.026,-0.02325,-0.0095,0.0105,0.01275,-0.00775,-0.0095,-0.026,-0.024375,-0.0135,0.0165,0.0035,-0.00625,-0.00775,-0.009,-0.00275,0.001875,0.009,-0.008,-0.016625,-0.001375,0.0095,0.01625,0.0085,-0.01175,-0.008125,-0.017625,0.006,0.019125,0.019375,0.00775,-0.020375,-0.0095,-0.00425,-0.034125,0.072,0.14975,0.18975,0.0365,-0.05675,-0.087625,-0.199625,-0.133375,-0.007375,0.099,0.09975,0.210875,0.063625,-0.021625,-0.096625,-0.161125,-0.15925,-0.024625,0.120125,0.098875,0.191,0.12575,0.12375,0.084125,-0.0215,-0.187875,-0.211125,-0.147125,-0.04075,0.1025,0.197125,0.1005,0.093125,-0.02175,-0.158,-0.15375,-0.088875,-0.025375,0.056375,0.227875,0.099,0.100375,-0.000875,-0.13975,-0.195875,-0.08525,-0.0135,0.054125,0.19275,0.13125,0.043375,-0.046,-0.05075,-0.229625,-0.08025
66,0.004,0.006875,0.009625,0.000875,-0.002625,-0.0025,0.0025,0.000875,0.000625,-0.001375,-0.001625,-0.00075,0.002125,0.003625,0.00175,-0.00575,-0.005875,-0.000625,0.003375,0.002875,0.00375,-0.004625,-0.01075,-0.006375,0.000375,0.00025,0.002625,0.0025,-0.001375,-0.00525,-0.006375,-0.002,0.00425,0.00475,0.0035,-0.00325,-0.006625,-0.004875,-0.0005,0.004875,0.000125,-0.002375,-0.003625,-0.0045,0,0.001,0.002125,-0.0015,-0.00675,0.00075,0.00475,0.00675,0.00275,-0.001875,-0.004,-0.002125,-0.21,-0.129875,-0.024375,0.105,0.07175,0.212875,0.056,-0.027375,-0.103,-0.158125,-0.16575,-0.033875,0.11475,0.12025,0.20225,0.106,-0.0425,-0.149625,-0.107625,-0.177375,-0.02775,0.081125,0.122875,0.13775,0.19825,0.09725,0.10325,-0.03275,-0.157875,-0.157125,-0.1065,-0.031875,0.052625,0.228375,0.10825,0.109375,0.00075,-0.137875,-0.213,-0.08875,-0.027875,0.052875,0.198125,0.16975,0.05225,-0.03675,-0.084625,-0.214125,-0.0915,-0.048375,0.042125,0.158375,0.199,0.0335,-0.05,-0.083
67,-0.002125,-0.009,-0.007625,-0.0015,0.005625,0.0025,-0.002625,-0.001875,-0.002,0.000875,0.001375,0.0025,-0.004,-0.00825,0.004625,0.0025,0.004,0.004125,0,-0.003,-0.001125,0.001125,-0.00475,0.003,0.0045,-0.0005,-0.00425,-0.007375,0.003125,0.007625,0.008375,0.005625,-0.0065,-0.002,-0.00325,0.00225,0.00375,0.002,0.00075,-0.0055,0.001,0.001,-0.002,0,-0.007625,-0.003125,0.001125,0.005625,0.0075,-0.002,-0.005375,-0.00925,-0.002625,0.000875,0.004375,0.00475,-0.23575,-0.175375,-0.0695,0.0645,0.072375,0.2685,0.092375,0.030875,-0.07975,-0.183375,-0.224375,-0.069125,0.0645,0.119875,0.243625,0.154625,0.0005,-0.126625,-0.12075,-0.246875,-0.06375,0.036125,0.10825,0.17875,0.205625,0.122875,0.181,0.01025,-0.139375,-0.171875,-0.156375,-0.09675,0.033625,0.24025,0.13225,0.176625,0.048625,-0.134625,-0.240875,-0.121875,-0.10375,0.031625,0.19975,0.198625,0.1065,0.01775,-0.082125,-0.239875,-0.121375,-0.11425,0.00725,0.171625,0.249125,0.056875,0.010125,-0.0725
68,-0.002625,-0.005625,-0.0035,-0.00325,0.00175,0.001625,0.00275,-1.11E-16,-0.008625,-0.005875,-0.002625,0.003625,0.005625,0.002125,-0.00425,-0.00975,-0.00975,-0.005125,0.0055,0.002,0.00625,0.002125,0.003125,-0.00025,0.006,0.001875,-0.00675,0.02975,-0.0005,0.0045,0.00825,0.013875,-0.007,-0.007125,-0.010625,0.001125,0.01125,0.00475,0.002125,-0.00625,-0.001375,-0.003625,0.003875,0.002625,0.001125,0.000125,-0.00875,0.003375,0.00475,0.0005,-0.000375,-0.003625,-0.00225,-0.003125,0.000375,0.0025,0.035625,-0.145875,-0.266625,-0.323,-0.063375,0.12925,0.159625,0.353625,0.227375,-0.0085,-0.196125,-0.179125,-0.377625,-0.123625,0.062375,0.18425,0.280375,0.263,0.033875,-0.23875,-0.184125,-0.330625,-0.1495,0.116,0.298,0.185375,0.351875,0.380875,0.243,0.0525,-0.196,-0.352,-0.167625,-0.136625,0.05175,0.295875,0.275125,0.143875,0.0195,-0.10875,-0.4075,-0.169625,-0.153875,0.016125,0.251,0.346875,0.151625,0.00775,-0.109875,-0.346,-0.2305,-0.06125,0.100875,0.085625,0.399375,0.136625
69,0.00025,0.006375,0.007,0.0015,-0.004375,0.00125,0.000625,0.001875,0.000875,-0.00025,-0.00125,-0.002375,0.0025,0.0055,-0.00425,-0.001625,-0.0025,-0.003625,0.0005,0.00175,0.0025,0.000375,0.0075,-0.001,-0.003125,0.00175,-0.0005,0.030625,-0.00225,-0.004875,-0.005375,-0.003,0.002,0.00025,-0.001125,-0.0015,-0.000375,-0.001,-0.001625,0.00425,-0.000625,-0.002125,0.00175,0.003375,0.002375,0.001875,0.00225,-0.001875,-0.003125,-0.001125,0.00475,0.0055,0.000625,-0.000375,-0.0035,-0.003875,0.255875,0.166875,0.0325,-0.1135,-0.0855,-0.267,-0.076875,0.021875,0.1165,0.19225,0.210375,0.049125,-0.122125,-0.146,-0.25225,-0.1385,0.038125,0.172125,0.1345,0.228625,0.04125,-0.083375,-0.136625,-0.17425,-0.149875,0.003,0.19425,0.272375,0.21275,0.19025,0.139375,0.05425,-0.05825,-0.274625,-0.134375,-0.146625,-0.016,0.16275,0.258875,0.113625,0.05375,-0.057125,-0.234375,-0.206125,-0.076125,0.02925,0.099125,0.2585,0.11475,0.072,-0.040875,-0.190125,-0.25325,-0.0465,0.0445,0.096
70,0.000375,0.003125,0.00325,0.002125,-0.003375,0.001375,-0.000125,-0.0005,0.001375,-0.001875,-0.001125,-0.0025,0.00075,0.00325,-0.004375,-0.000625,-0.00225,-0.002625,0.00125,0.000875,0.00325,-0.000125,0.000125,-0.001625,-0.004125,0.00125,0.001375,0.026125,-0.00225,-0.005,-0.00525,-0.005125,0.0025,-0.001,-0.001125,-0.00125,-0.002875,-0.000875,-0.000125,0.00275,-0.00075,-0.002375,0.001375,-0.00025,0.00275,0.00125,-0.0015,-0.002375,-0.002625,-0.0005,0.0045,0.004375,0.004,-0.0025,-0.002875,-0.00325,0.208375,0.159875,0.071,-0.044125,-0.06225,-0.243125,-0.088375,-0.0405,0.0625,0.16275,0.205375,0.067625,-0.04175,-0.106375,-0.215,-0.143125,-0.010375,0.101125,0.107125,0.22575,0.06275,-0.019625,-0.090875,-0.162625,-0.17075,-0.027375,0.119625,0.221375,0.206375,0.15025,0.146375,0.099,-0.022125,-0.20875,-0.118375,-0.1675,-0.05375,0.1145,0.212875,0.111875,0.10775,-0.022125,-0.171875,-0.176,-0.101875,-0.028625,0.065375,0.216125,0.112,0.113875,0.00025,-0.146375,-0.223375,-0.05675,-0.023125,0.06
71,0.00025,-0.002125,-0.003625,-0.00025,0.001875,0.001,0.00175,-0.002625,0.000375,0.0005,0,0.001,-0.004125,-0.002625,0.002125,0.003875,0.00575,0.003875,-0.000875,-0.00225,-0.00325,-0.00075,-0.003875,0.004,-0.001125,-0.002375,0.000875,-0.00275,0.00025,-0.00075,-0.00225,-0.0065,0.002875,0.00025,0.00025,0.000375,0.002125,0.002,0.000625,-0.000875,-0.0015,-0.001,-0.00075,0.00025,-0.00025,0.00075,0.00325,-0.000375,-0.0015,-0.000625,0.00125,-0.00075,0.0005,0.000125,0.00175,0.00125,-0.035125,0.072375,0.150875,0.189625,0.03975,-0.059375,-0.086125,-0.197125,-0.135,-0.00725,0.09725,0.0985,0.217375,0.075375,-0.02275,-0.09575,-0.1605,-0.159125,-0.029375,0.1205,0.100375,0.19125,0.09325,-0.05475,-0.159125,-0.104125,-0.17425,-0.046625,0.09675,0.137375,0.1425,0.19525,0.09975,0.093875,-0.02125,-0.157625,-0.15525,-0.090875,-0.02525,0.05575,0.225375,0.10025,0.100375,0,-0.138875,-0.197125,-0.085125,-0.021125,0.0545,0.191625,0.133875,0.05225,-0.043875,-0.047125,-0.2285,-0.082
72,-0.000625,-0.002625,-0.010125,-0.00075,0.002625,0.004,0.001125,-0.00425,-0.002125,-0.001,0.0005,0.001125,-0.003875,-0.00475,0.000375,0.003625,0.005125,0.004875,-0.0005,-0.003625,-0.003625,-0.00075,-0.009125,0.005125,-0.000125,-0.00375,0.000375,-0.012375,0.001375,0.0015,-0.00125,-0.00575,0.002375,0,-0.001375,0.000625,0.001375,0.002375,0.00125,-0.0005,-0.001625,-0.001375,-0.00175,0.00075,0.00175,0.000375,0.0015,0.0005,-0.00125,-0.000375,0.000125,-0.001,-0.000375,-0.003,0.002625,0.0035,-0.106625,0.037,0.160625,0.2385,0.066625,0.003875,-0.074125,-0.227375,-0.1785,-0.059625,0.051125,0.095125,0.271625,0.118375,0.041875,-0.069625,-0.18675,-0.21975,-0.0645,0.073875,0.099375,0.233,0.134375,-0.0155,-0.134375,-0.116,-0.2435,-0.121375,0.04975,0.127625,0.181,0.2,0.1255,0.17625,0.01275,-0.13475,-0.166125,-0.141625,-0.097375,0.030375,0.235125,0.12475,0.173125,0.0575,-0.128625,-0.223375,-0.11375,-0.0885,0.029375,0.19175,0.15775,0.104625,0.01825,-0.04575,-0.263625,-0.115625
73,-0.001125,-0.009625,-0.00725,-0.003125,0.007125,0.001375,0.002,-0.003375,-0.004875,-0.000875,0.00125,0.0075,-0.002125,-0.00575,0.0045,0.00075,0.0045,0.0045,0.000875,-0.003625,-0.005375,0.000375,-0.00375,0.005375,0.00775,-0.003375,-0.0025,-0.04975,0.004625,0.0095,0.007,-0.005625,-0.00575,-0.0015,-0.00175,0.002,0.00575,0.005375,0.002125,-0.00575,-0.0005,0.002125,-0.00175,0.000375,-0.004625,-0.0025,-0.003625,0.002375,0.006375,-0.00125,-0.006625,-0.008,-0.00125,0.001875,0.003875,0.00725,-0.364875,-0.267,-0.10325,0.103,0.11325,0.414875,0.143375,0.034375,-0.125625,-0.281875,-0.34425,-0.1055,0.101125,0.192375,0.371875,0.235875,-0.002625,-0.19925,-0.188625,-0.377875,-0.095375,0.05875,0.170625,0.274625,0.274125,0.03075,-0.22925,-0.394625,-0.34575,-0.175125,0.0885,0.288375,0.196625,0.373,0.204375,0.269125,0.073125,-0.20975,-0.372375,-0.186375,-0.155125,0.051125,0.311,0.305375,0.156875,0.023,-0.12425,-0.372625,-0.189,-0.174125,0.01425,0.261375,0.3825,0.08975,0.012125,-0.114875
74,-0.000875,-0.00175,-0.000125,-0.001125,-5.55E-17,0.003625,-0.000125,0.000375,-0.002625,-0.00225,-0.000875,0.0025,0.004,0.003875,0.000625,-0.003875,-0.004375,-0.00325,0.001,0.001625,0.000375,0.002,0.00875,-0.0005,0.003875,0.000625,-0.003,0.003875,0.000875,0.0045,0.005375,0.00625,-0.0025,0.000125,-0.000625,0.000875,0.002625,0.0015,0.001,-0.002,0.000375,0.00025,0.003,0.00475,-5.55E-17,-0.001,-0.0015,0.004125,0.00325,0.000375,-0.000125,-0.003875,-0.0005,0.0035,-0.0005,0.00075,0.062125,-0.074125,-0.17525,-0.234375,-0.054125,0.05,0.0965,0.2365,0.169875,0.0235,-0.101125,-0.113375,-0.273,-0.095875,0.00225,0.10375,0.195,0.203625,0.043,-0.126375,-0.116625,-0.235,-0.11925,0.05375,0.17875,0.124625,0.221125,0.07425,-0.09775,-0.156125,-0.17725,-0.14325,0.00725,0.210125,0.133125,0.210375,0.18325,0.120125,0.05075,-0.057375,-0.267,-0.122125,-0.138375,-0.01625,0.15825,0.23725,0.110625,0.042875,-0.0585,-0.223625,-0.161375,-0.06225,0.029625,0.050375,0.274875,0.106375
75,0.000125,0.00375,0.006375,0.001875,-0.0025,-0.004625,-0.0035,0.002125,0.003875,0.0045,0.000875,-0.003875,0.0025,0.001625,-0.00275,-0.001125,-0.003375,-0.0045,-0.001625,0.001875,0.00525,0.001625,0.008125,-0.005125,-0.000875,0.002125,-0.000125,0.014375,-0.002125,-0.003625,-0.002625,0.003875,0.001875,0.001,-0.00175,-0.00175,-0.001375,-0.004,-0.00175,0.001625,0.002375,0.0035,-0.0005,-0.00575,-0.002625,-0.00175,0.0005,-0.0005,0.001375,0,-0.00225,-0.002125,-0.001,0.001125,-0.00275,-0.004375,0.10425,-0.017375,-0.128625,-0.205125,-0.06125,-0.021875,0.05725,0.1855,0.1555,0.061,-0.031,-0.075125,-0.2365,-0.11025,-0.047875,0.048625,0.157375,0.193125,0.063875,-0.046,-0.0805,-0.19925,-0.1195,0.00125,0.10175,0.095125,0.214,0.123875,-0.027625,-0.100625,-0.156375,-0.15825,-0.023,0.1235,0.1015,0.19625,0.1385,0.12825,0.0965,-0.0175,-0.19225,-0.10675,-0.15725,-0.05975,0.1025,0.1875,0.1135,0.09275,-0.017125,-0.15725,-0.135,-0.08675,-0.029875,0.028,0.221875,0.102375
76,-2.22E-16,0.0025,0.008625,0.002,-0.00275,0.001625,-0.002875,0.000875,0.004375,0.001875,-1.39E-17,-0.0035,0.0005,0.002375,-0.001625,0.003125,0.001875,-0.002,-0.002875,0.002125,0.001,0.001,0.00275,-0.000875,-0.004625,-0.00075,0.002875,0.032375,-0.00275,-0.005875,-0.005625,0.0025,0.005125,0.001875,0.0025,-0.003125,-0.005125,-0.00225,-0.002,0.003125,0.00075,0.001,0.001125,-1.73E-18,0.000625,0.000375,-0.00075,0.000625,-0.002125,-0.000625,-0.000625,0.003375,-0.000125,0.00125,-0.002,-0.003625,0.20675,0.158375,0.065125,-0.046375,-0.0615,-0.23925,-0.08625,-0.038,0.06325,0.16175,0.20375,0.067125,-0.046,-0.100125,-0.21775,-0.142,-0.00975,0.104,0.105,0.225125,0.061875,-0.021625,-0.094,-0.16125,-0.1685,-0.024875,0.119875,0.228625,0.204875,0.109125,-0.0415,-0.160625,-0.113625,-0.189,-0.030875,0.090125,0.137375,0.144625,0.210875,0.108875,0.104,-0.02375,-0.172625,-0.175375,-0.100875,-0.02725,0.0565,0.2095,0.109125,0.1135,0.0005,-0.145625,-0.2185,-0.054875,-0.022125,0.05975
77,0.00025,0.004875,0.002875,0.00075,-0.00225,0.000875,0.00175,-0.000875,0.000625,-0.001375,-0.001125,-0.001375,0.00075,0.00325,-0.0045,0.00075,-0.000375,-0.002375,-0.000125,0.000625,0.0005,-0.0005,-0.00175,0.001125,-0.003875,-2.22E-16,0.000375,0.0285,-0.002,-0.004125,-0.0035,0.004,0.0035,-0.0005,0.00025,-0.001875,-0.0025,-0.001625,-0.001375,0.00325,-0.000625,-0.00175,0.00125,0.002375,0.005125,0.00175,-0.002375,-0.00375,-0.004125,0.000125,0.002,0.0075,0.00125,-0.002125,-0.002,-0.00225,0.211375,0.193375,0.118875,0.009375,-0.053875,-0.281125,-0.12075,-0.100875,0.02575,0.1705,0.250625,0.103375,0.02075,-0.0885,-0.24075,-0.18275,-0.059875,0.060375,0.106375,0.2785,0.097125,0.036625,-0.074375,-0.19,-0.229875,-0.060125,0.07375,0.22525,0.247875,0.160375,0.000375,-0.137625,-0.1255,-0.261625,-0.06925,0.044125,0.12775,0.186,0.219,0.137375,0.1835,0.00775,-0.15175,-0.188125,-0.154,-0.09125,0.038875,0.22525,0.136375,0.18075,0.041625,-0.149,-0.2525,-0.081375,-0.097125,0.038375
78,0.001375,0.0015,-0.003125,0.001375,0.00075,-0.001625,-0.00225,-0.000375,0.005125,0.00275,0.0015,-0.00475,-0.0065,-0.00525,0.0015,0.0065,0.006375,0.00475,-0.00175,-0.00225,0.00025,-0.0035,-0.016125,-0.00075,-0.00475,-0.001125,0.00475,-0.015,-0.00175,-0.006125,-0.008125,-0.010625,0.004,0.000375,0.000375,-0.000875,-0.0045,-0.00425,-0.00225,0.00575,-0.000375,-0.000625,-0.00525,-0.004125,-0.00375,-0.000625,0.0015,-0.001125,-0.003125,-0.00175,-0.00125,0.00125,0.001,-0.0035,0.00025,-0.001625,-0.162125,0.059625,0.250375,0.3685,0.102375,0.0015,-0.117375,-0.354,-0.27775,-0.089125,0.08575,0.149375,0.424125,0.18275,0.0635,-0.10975,-0.291,-0.340625,-0.100375,0.117375,0.155625,0.36275,0.21,-0.027375,-0.214875,-0.179875,-0.37425,-0.185875,0.0815,0.200375,0.281125,0.2675,0.02675,-0.254,-0.19125,-0.3475,-0.177,0.1155,0.303875,0.199875,0.368625,0.194,0.266125,0.078875,-0.2085,-0.351125,-0.187625,-0.133875,0.047875,0.30375,0.243625,0.144875,0.020625,-0.061125,-0.408875,-0.179625
79,-0.001125,-0.00275,-0.000125,0.000875,0.00325,-0.004,-0.003625,0.003625,0.00375,0.006375,0.003125,-0.000625,-0.002125,-0.0065,0.004125,0.005875,0.0055,0.002625,-0.003625,-0.002,-0.001375,0.000875,-0.012625,-0.00025,0.002875,-0.00175,0.00125,-0.023125,0.000625,0.000875,-0.0015,-0.007,0.000375,0.0035,0.00475,-0.00025,-0.00225,-0.00325,-0.001,0.00225,0.000875,0.00225,-0.004125,-0.004375,-0.0075,-0.003,0.000375,0.002875,0.003625,-0.00275,-0.008,-0.008,0.00025,0.0055,0.00125,0.000875,-0.225875,-0.181,-0.087375,0.036875,0.06625,0.2735,0.102125,0.050375,-0.059125,-0.177875,-0.232875,-0.08025,0.031625,0.11075,0.242125,0.164,0.02275,-0.103625,-0.118375,-0.2575,-0.075375,0.00975,0.08775,0.183125,0.19825,0.0365,-0.12,-0.23225,-0.2325,-0.131125,0.035,0.168375,0.1275,0.223375,0.042875,-0.086875,-0.145375,-0.1665,-0.146875,0.001,0.197875,0.125875,0.211,0.189625,0.119875,0.043875,-0.06025,-0.23375,-0.128625,-0.137875,-0.01075,0.158375,0.24975,0.06025,0.04225,-0.0605
80,-0.009,-0.011125,0.003875,0.004875,0.008875,-0.01225,-0.022625,0.005875,0.020375,0.03,0.013375,-0.012125,-0.017125,-0.024625,0.013625,0.030375,0.027375,0.009125,-0.0245,-0.007875,-0.001,0.009875,0.005625,0.001,0.000375,-0.012625,0.00675,0.0045,0.000125,-0.012375,-0.021375,-0.014875,0.0075,0.016,0.019125,-0.009875,-0.027125,-0.0235,-0.008625,0.01875,0.00775,0.003375,-0.012875,-0.01825,-0.031125,-0.014,0.01625,0.012,0.0205,-0.011125,-0.03125,-0.028,-0.010375,0.01925,0.005,-0.003125,-0.16675,-0.157625,-0.110625,-0.02025,0.04125,0.2245,0.10275,0.08975,-0.01375,-0.13625,-0.205625,-0.088375,-0.0285,0.06925,0.192625,0.1525,0.05925,-0.039375,-0.083875,-0.2305,-0.085,-0.042625,0.047875,0.155625,0.193,0.054375,-0.050875,-0.141625,-0.205625,-0.13675,-0.00975,0.102625,0.101125,0.2215,0.063,-0.024625,-0.097375,-0.1545,-0.16575,-0.029375,0.12575,0.101375,0.204375,0.150875,0.13075,0.084,-0.017125,-0.176375,-0.1135,-0.1545,-0.04225,0.113875,0.20225,0.064875,0.091,-0.026125
81,-0.003625,-0.006875,-0.003875,-0.00075,0.003125,0.000125,-0.002,-0.0015,-0.000875,0.002125,0.001,0.001,0.000125,-0.003625,0.001125,0.0035,0.003625,-0.0005,-0.0035,-0.001125,-0.00275,0.004875,0.014625,0.0045,0.002625,-0.0045,-0.0035,0.012125,0.00175,0.00275,0.001625,0.00475,-0.002875,0.0025,0.005125,-0.001125,-0.0045,-0.003375,-0.000375,0.00275,0.003,0.002375,-0.00225,-0.008375,-0.001875,-0.00225,-0.003125,0.001875,0.00675,-0.0015,-0.007625,-0.00475,-0.003625,0.004,0.00275,0.00175,0.102375,-0.019875,-0.127,-0.20575,-0.06025,-0.017875,0.0585,0.1895,0.15575,0.0585,-0.032,-0.078,-0.23675,-0.106,-0.052375,0.050625,0.158875,0.194,0.06125,-0.047625,-0.08075,-0.1985,-0.12225,0.0035,0.105875,0.096,0.21375,0.1195,-0.029875,-0.10175,-0.156875,-0.158,-0.02475,0.1265,0.10375,0.196625,0.1065,-0.0545,-0.157125,-0.11075,-0.177125,-0.023125,0.09375,0.138875,0.135375,0.189125,0.115875,0.09,-0.017375,-0.1595,-0.132375,-0.09175,-0.0275,0.029,0.2225,0.101625
82,-0.002875,-0.002,0.00025,-0.00025,-0.000125,0.000125,-0.000875,0.000625,-0.00075,0.000375,-0.00025,0.000375,0.003,0.000875,-1.11E-16,0.001125,-0.000125,-0.0025,0.000375,0.000625,-0.00075,0.004,0.025375,0.002875,0.000875,-0.002125,-0.003125,0.019875,0.000375,0.001,0.001125,0.006875,-0.00225,0.000625,0.001375,-0.001375,-0.000875,-0.001625,-0.00075,-0.00075,0.000875,0.001,-0.00125,-0.00125,0.000125,-0.00075,0.00125,0.00125,0.002,-0.000375,-0.00075,-0.005625,-0.001125,0.003125,0.001125,0.000125,0.174375,0.024625,-0.1195,-0.23625,-0.08475,-0.095125,0.03625,0.196125,0.187875,0.1145,0.027125,-0.063,-0.26575,-0.1485,-0.121625,0.01125,0.169375,0.2435,0.102125,0.016375,-0.068875,-0.223,-0.14975,-0.045625,0.061,0.09525,0.26925,0.19525,0.029125,-0.077,-0.1825,-0.221,-0.06025,0.07775,0.101125,0.24,0.156625,-0.0135,-0.13225,-0.120125,-0.247625,-0.06075,0.04675,0.12075,0.179,0.197375,0.13825,0.158625,0.014625,-0.133375,-0.14575,-0.144625,-0.09975,0.01625,0.234,0.129
83,-0.00125,0.003125,-0.000375,0.001375,-0.002875,0.00125,-0.000625,0.000375,0.002125,-0.000125,-0.000375,-0.003625,-0.001625,0.002,-0.003875,0.003875,0.002375,-0.000125,-0.002625,-0.002,0.0005,0.00075,0.009375,0.003,-0.005375,-0.003125,0.001125,0.043,-0.0025,-0.006375,-0.0065,0.0055,0.003625,0.00175,0.0015,-0.003625,-0.004375,-0.004875,-0.002125,0.006,0.001,-0.001,0.002375,0.004375,0.005,0.003,0.000375,-0.003,-0.00275,0.00075,0.00375,0.0025,-0.001875,0.001,-0.001,-0.00375,0.316,0.287125,0.18025,0.011875,-0.082,-0.414,-0.1795,-0.150625,0.041,0.256375,0.372875,0.151,0.0265,-0.13425,-0.35375,-0.271125,-0.0885,0.0945,0.1615,0.41375,0.143625,0.052,-0.106375,-0.282625,-0.340875,-0.087,0.114875,0.338,0.37225,0.237125,-0.0025,-0.20775,-0.1895,-0.388375,-0.10075,0.069375,0.1925,0.276,0.282875,0.03925,-0.24925,-0.18825,-0.3595,-0.19975,0.108625,0.291,0.209875,0.3325,0.20625,0.264375,0.06,-0.222375,-0.368,-0.11475,-0.1385,0.059375
84,-0.002125,-0.003875,-0.008375,-0.000875,0.00425,0.000875,-0.001875,-0.003375,0.000375,0.0025,0.001875,0.000375,-0.006625,-0.007875,0.00475,0.007375,0.009,0.006375,-0.003875,-0.00475,-0.00225,0.000875,0.00225,0.006375,0.0005,-0.0065,0.001875,-0.0115,0.001625,0.000375,-0.00325,-0.008125,-0.0005,0.002875,0.004,-0.001125,-0.0035,-0.0065,-0.003875,0.004125,0.003625,0.00425,-0.003,-0.008375,-0.00575,-0.001375,0.0045,-0.00275,-0.001625,-0.0025,-0.007,-0.010875,-0.0015,-0.00175,0.00375,0.002875,-0.114375,0.009375,0.1255,0.206625,0.06275,0.0345,-0.052,-0.18575,-0.157375,-0.0695,0.019,0.072,0.231125,0.11425,0.057125,-0.041,-0.154875,-0.196,-0.06875,0.035125,0.075125,0.197625,0.131125,0.007875,-0.093625,-0.09325,-0.217375,-0.129625,0.015875,0.0935,0.157,0.166625,0.029625,-0.111,-0.09925,-0.199375,-0.112875,0.04325,0.147625,0.11125,0.18625,0.029125,-0.08125,-0.134375,-0.14375,-0.112875,0.016125,0.158125,0.113,0.177,0.13125,0.099125,0.042375,-0.02875,-0.21875,-0.103375
85,-0.002625,-0.0115,-0.007125,-0.00025,0.007875,-0.00075,-0.00175,-0.002375,0.001375,0.004875,0.003375,0.00375,-0.004375,-0.0105,0.0045,0.012875,0.016125,0.008125,-0.007625,-0.006375,-0.015375,0.0035,0.0035,0.011,0.003,-0.010625,0.000875,-0.0105,0.00475,0.00575,0.000625,-0.005875,-0.001125,0.005,0.013,0.001,-0.007875,-0.00675,-0.00425,0.00475,0.004875,0.00875,-0.00275,-0.007,-0.008625,-0.00325,0.00975,0.001875,0.00275,-0.00525,-0.009125,-0.01,-0.002,0.00475,0.006875,0.007375,-0.149875,-0.030875,0.081625,0.186125,0.07075,0.089,-0.02025,-0.140625,-0.14975,-0.098875,-0.033875,0.0445,0.211625,0.12925,0.105625,0.001875,-0.1275,-0.192625,-0.08625,-0.025625,0.050875,0.1745,0.131875,0.0475,-0.036625,-0.074375,-0.213875,-0.153125,-0.038375,0.05175,0.14225,0.1795,0.05175,-0.04675,-0.0755,-0.191,-0.129125,-0.00025,0.0935,0.093625,0.202,0.053375,-0.023125,-0.089625,-0.143375,-0.144,-0.01575,0.101625,0.096875,0.186125,0.11325,0.127375,0.090875,-0.002,-0.178875,-0.10525
86,0.001875,0.00025,0.002625,0.001875,-0.001,-0.00325,-0.00375,0.003625,0.005375,0.005625,0.001375,-0.0035,0.001,0.00225,0.003375,-0.000125,-0.00175,-0.001125,-0.000375,0.00375,0.003625,-0.001125,-0.0115,-0.008,0.000375,0.004875,0.0025,-0.014375,-0.000625,-0.003375,-0.002125,-0.0035,0.002375,0.001875,-0.00125,0.00025,-0.000625,0.00275,0.002,0.000375,-0.001625,-0.002,-0.00075,0.002375,0.0015,0.00025,-0.0055,0,0.000625,0.0005,-0.00025,0.00075,0.002625,0.0025,-0.001625,-0.00325,-0.158875,-0.152375,-0.0985,-0.022,0.038875,0.215,0.09875,0.094125,-0.010125,-0.129625,-0.197375,-0.086625,-0.031875,0.064375,0.18125,0.14675,0.058,-0.0345,-0.07875,-0.22175,-0.082375,-0.042875,0.038875,0.15025,0.188375,0.05425,-0.0455,-0.158875,-0.1995,-0.1335,-0.011,0.098625,0.098375,0.214,0.061125,-0.021,-0.092625,-0.1495,-0.160375,-0.026125,0.118125,0.097,0.195875,0.119125,-0.0465,-0.145875,-0.1085,-0.16025,-0.026125,0.0835,0.110625,0.136125,0.193875,0.06275,0.09025,-0.02375
87,-0.002125,-0.007625,-0.0095,-0.00125,0.005,0.002125,-0.00075,-0.00075,-0.003125,0.0005,0.001625,0.003875,-0.001,-0.004625,0.0025,-0.000125,0.001625,0.001,-0.001375,-0.002,-0.003375,0.002125,0.00675,0.003875,0.005875,-0.002375,-0.003625,-0.0215,0.005,0.007625,0.006875,-0.00025,-0.003375,0.001,0.001375,0.00225,0.002125,-0.00025,-0.00025,-0.00225,0.002875,0.004625,-0.00325,-0.00225,-0.011125,-0.0045,0.003125,0.001375,0.006375,-0.00375,-0.0095,-0.006125,-0.004,0.003125,0.002,0.00475,-0.148125,-0.178,-0.150625,-0.086625,0.02525,0.241625,0.129375,0.15825,0.0365,-0.130125,-0.234625,-0.120375,-0.10875,0.037625,0.19275,0.181125,0.113875,0.019375,-0.07025,-0.265,-0.11725,-0.108875,0.01675,0.17,0.243875,0.091375,0.015,-0.155,-0.235375,-0.181125,-0.05975,0.062625,0.103375,0.281375,0.099375,0.035625,-0.073,-0.186,-0.2295,-0.066,0.080375,0.10325,0.25125,0.1745,-0.01125,-0.132625,-0.125,-0.218625,-0.065375,0.04325,0.1075,0.189,0.208875,0.079625,0.16875,0.00375
88,-0.0015,-0.000375,0.0005,-0.000625,-0.001625,-0.0005,0.001125,0.00275,-0.004125,-0.004125,-0.001625,0.00125,0.006,0.00725,-0.00575,-0.007,-0.007375,-0.00675,0.001875,0.00075,0.002125,0.003375,0.017,0.00075,0.0015,0.000625,-0.004625,0.025125,0.00075,0.004125,0.005625,0.01325,-0.004875,-0.000625,-0.00175,0,0.004375,0.00175,0.002,-0.0015,0.002125,0.000125,0.000625,0.0045,-0.00175,-0.000875,-0.004,0.0005,0.00425,0.000625,0.00025,-0.004125,-0.000375,-0.001875,-0.000625,-0.0005,0.25625,0.0345,-0.171875,-0.349125,-0.125875,-0.134625,0.054375,0.2935,0.278375,0.165625,0.037625,-0.09375,-0.399125,-0.22175,-0.1735,0.017625,0.249125,0.356125,0.148125,0.020625,-0.102625,-0.32925,-0.233125,-0.065125,0.093125,0.144,0.396,0.282125,0.041875,-0.11475,-0.269875,-0.323875,-0.087375,0.116625,0.150375,0.354625,0.229625,-0.020625,-0.198375,-0.179875,-0.365375,-0.089375,0.0715,0.189625,0.2635,0.25,0.041875,-0.198625,-0.17875,-0.334625,-0.150125,0.1125,0.288,0.112125,0.347125,0.190875
